goal_id,user_id,goal_type,target_value,current_value,deadline,status,created_at
goal-00001,user-0001,endurance,3.0,3.1,2026-06-16,cancelled,2025-07-24 20:53:12
goal-00002,user-0002,endurance,50.2,58.2,2026-10-17,active,2024-11-02 11:05:22
goal-00003,user-0003,flexibility,22.3,12.1,2026-06-15,cancelled,2025-09-24 02:35:05
goal-00004,user-0003,general_health,88.2,104.3,2026-06-19,active,2025-08-28 09:08:40
goal-00005,user-0004,endurance,41.5,40.4,2026-09-02,active,2025-02-12 12:48:38
goal-00006,user-0004,flexibility,58.5,41.8,2026-10-21,completed,2025-03-17 12:45:17
goal-00007,user-0005,general_health,93.6,29.8,2026-07-31,active,2025-03-26 15:03:09
goal-00008,user-0005,muscle_gain,64.2,21.8,2026-04-06,active,2025-08-22 11:24:29
goal-00009,user-0005,muscle_gain,68.0,57.5,2025-12-15,cancelled,2025-02-15 05:21:32
goal-00010,user-0006,flexibility,36.2,31.1,2026-07-29,completed,2025-01-23 20:54:48
goal-00011,user-0007,flexibility,64.1,58.9,2026-07-19,completed,2025-09-05 08:36:59
goal-00012,user-0007,muscle_gain,65.0,57.4,2026-06-27,completed,2025-05-30 11:25:55
goal-00013,user-0007,weight_loss,60.3,48.5,2026-04-05,completed,2025-05-12 17:37:54
goal-00014,user-0008,endurance,49.0,20.8,2025-11-05,active,2024-11-24 23:45:50
goal-00015,user-0009,flexibility,1.6,0.7,2025-12-26,active,2025-01-07 21:56:09
goal-00016,user-0009,weight_loss,61.6,46.6,2025-12-29,active,2024-11-09 00:26:05
goal-00017,user-0009,muscle_gain,97.1,42.1,2025-11-15,active,2025-08-24 06:05:41
goal-00018,user-0010,endurance,42.3,36.1,2026-08-13,completed,2025-09-19 19:37:07
goal-00019,user-0010,flexibility,46.1,21.4,2026-10-18,active,2025-07-06 22:00:44
goal-00020,user-0010,flexibility,31.9,22.2,2026-01-18,completed,2025-09-06 04:15:32
goal-00021,user-0011,flexibility,13.1,5.0,2026-05-31,active,2025-10-09 05:22:24
goal-00022,user-0011,endurance,96.8,63.6,2026-03-11,cancelled,2025-10-05 00:48:04
goal-00023,user-0012,weight_loss,55.9,19.2,2026-02-12,cancelled,2025-02-11 21:18:17
goal-00024,user-0012,endurance,54.1,33.6,2026-02-07,active,2025-01-17 01:44:33
goal-00025,user-0013,weight_loss,81.3,69.6,2026-07-20,active,2025-03-24 21:56:21
goal-00026,user-0014,endurance,70.4,79.8,2026-10-02,active,2025-02-18 18:50:16
goal-00027,user-0015,flexibility,67.6,56.3,2026-07-20,cancelled,2025-10-08 19:01:41
goal-00028,user-0015,endurance,26.7,25.3,2026-07-24,active,2024-11-10 18:12:06
goal-00029,user-0015,flexibility,2.9,0.9,2026-10-01,cancelled,2025-02-07 19:26:31
goal-00030,user-0016,flexibility,76.1,41.7,2026-07-07,active,2024-12-22 02:52:46
goal-00031,user-0016,endurance,36.6,13.1,2026-01-14,active,2025-02-23 07:18:00
goal-00032,user-0016,weight_loss,66.4,27.6,2025-12-22,cancelled,2025-08-08 05:46:08
goal-00033,user-0017,general_health,47.9,39.7,2026-10-04,completed,2025-07-03 06:58:07
goal-00034,user-0017,muscle_gain,63.3,65.8,2025-11-12,active,2025-07-01 09:52:40
goal-00035,user-0018,endurance,4.7,3.2,2026-04-11,active,2024-12-17 04:08:54
goal-00036,user-0018,endurance,18.0,20.7,2025-10-26,active,2025-03-25 10:17:21
goal-00037,user-0018,muscle_gain,73.1,26.6,2025-12-24,completed,2024-11-02 07:34:12
goal-00038,user-0019,endurance,5.8,5.3,2025-12-18,cancelled,2024-12-25 15:14:04
goal-00039,user-0019,flexibility,97.1,51.7,2026-03-17,cancelled,2025-04-25 09:50:49
goal-00040,user-0020,muscle_gain,90.0,60.2,2026-03-04,active,2024-10-30 03:19:16
goal-00041,user-0020,muscle_gain,97.6,84.6,2026-08-15,active,2025-03-13 12:08:57
goal-00042,user-0020,endurance,58.4,66.3,2026-02-11,active,2025-04-27 02:56:51
goal-00043,user-0021,weight_loss,70.2,46.6,2026-01-13,completed,2025-07-01 08:55:06
goal-00044,user-0022,general_health,45.3,26.3,2026-06-18,completed,2025-09-22 10:17:20
goal-00045,user-0022,muscle_gain,91.7,50.7,2026-08-22,active,2025-03-10 01:12:07
goal-00046,user-0023,muscle_gain,95.3,67.3,2026-06-11,completed,2025-02-23 15:05:18
goal-00047,user-0024,endurance,8.5,3.5,2025-11-12,cancelled,2025-03-13 14:16:12
goal-00048,user-0024,flexibility,40.3,44.4,2026-05-02,active,2024-12-14 07:20:32
goal-00049,user-0025,endurance,95.1,70.4,2026-02-01,active,2025-09-15 03:52:09
goal-00050,user-0025,muscle_gain,86.5,101.4,2026-04-02,completed,2025-01-08 17:36:18
goal-00051,user-0025,muscle_gain,83.5,61.6,2026-03-02,cancelled,2025-06-19 07:19:44
goal-00052,user-0026,weight_loss,69.4,56.6,2026-03-20,active,2025-07-22 13:46:40
goal-00053,user-0026,flexibility,83.4,58.5,2025-11-25,cancelled,2024-11-30 12:18:01
goal-00054,user-0026,general_health,11.5,10.8,2026-05-27,active,2024-11-22 14:04:59
goal-00055,user-0027,weight_loss,74.2,43.5,2026-07-12,cancelled,2024-11-03 21:11:28
goal-00056,user-0027,weight_loss,75.9,68.8,2025-11-26,completed,2025-05-31 06:55:04
goal-00057,user-0028,weight_loss,58.1,64.7,2026-06-08,active,2024-11-04 16:01:55
goal-00058,user-0028,general_health,69.3,53.3,2026-10-19,cancelled,2024-12-23 10:53:06
goal-00059,user-0029,weight_loss,58.2,55.8,2026-01-10,active,2025-05-25 07:44:41
goal-00060,user-0030,weight_loss,84.9,47.7,2026-10-07,active,2024-12-15 14:05:22
goal-00061,user-0030,flexibility,5.0,2.7,2026-08-05,cancelled,2024-10-30 10:23:14
goal-00062,user-0031,flexibility,80.3,95.5,2026-10-21,active,2025-06-01 04:45:59
goal-00063,user-0031,general_health,77.6,48.8,2026-07-20,cancelled,2024-11-14 12:21:10
goal-00064,user-0032,muscle_gain,76.2,27.9,2026-03-31,active,2025-02-10 16:26:11
goal-00065,user-0032,endurance,10.8,9.7,2026-05-27,completed,2025-09-04 02:58:31
goal-00066,user-0032,general_health,39.9,18.6,2026-08-07,active,2025-06-08 15:33:19
goal-00067,user-0033,muscle_gain,92.2,106.0,2026-07-21,completed,2025-09-02 03:21:06
goal-00068,user-0034,weight_loss,80.1,50.5,2026-10-11,active,2025-02-12 01:34:10
goal-00069,user-0034,general_health,32.7,20.5,2026-06-04,active,2025-10-02 11:00:43
goal-00070,user-0035,weight_loss,58.6,31.6,2026-10-19,cancelled,2025-09-24 19:49:28
goal-00071,user-0035,general_health,9.0,4.9,2026-01-25,active,2025-03-20 00:52:04
goal-00072,user-0036,muscle_gain,65.3,46.3,2026-10-04,completed,2025-08-05 06:08:33
goal-00073,user-0036,endurance,45.1,53.8,2026-01-25,completed,2025-02-01 19:31:54
goal-00074,user-0037,muscle_gain,75.8,64.5,2026-01-03,completed,2025-07-06 00:44:07
goal-00075,user-0037,weight_loss,65.9,31.2,2026-09-30,active,2025-09-03 18:46:03
goal-00076,user-0038,endurance,41.3,41.4,2026-03-06,completed,2025-10-11 13:10:18
goal-00077,user-0039,weight_loss,64.3,27.5,2026-06-27,active,2025-03-15 02:13:41
goal-00078,user-0039,endurance,46.0,43.7,2026-02-26,active,2025-10-22 15:42:46
goal-00079,user-0039,endurance,69.7,56.2,2026-04-20,completed,2025-01-29 11:53:45
goal-00080,user-0040,endurance,76.5,78.1,2026-02-28,active,2025-09-23 19:27:01
goal-00081,user-0040,muscle_gain,75.1,66.1,2026-03-24,active,2025-06-26 02:01:11
goal-00082,user-0041,flexibility,60.1,29.4,2026-07-21,cancelled,2025-07-24 01:15:02
goal-00083,user-0041,weight_loss,53.6,21.5,2025-11-10,cancelled,2024-11-15 16:40:49
goal-00084,user-0042,endurance,19.8,23.5,2026-02-25,active,2025-09-20 20:39:18
goal-00085,user-0042,general_health,44.0,23.6,2026-03-30,active,2024-12-21 21:37:35
goal-00086,user-0042,general_health,23.8,10.1,2026-09-15,completed,2025-07-17 03:30:38
goal-00087,user-0043,flexibility,11.7,12.6,2026-05-16,cancelled,2024-12-16 18:58:26
goal-00088,user-0043,endurance,89.4,47.9,2026-09-01,completed,2025-02-23 09:00:59
goal-00089,user-0043,endurance,78.5,43.2,2026-06-30,active,2025-04-11 15:10:10
goal-00090,user-0044,general_health,20.8,10.9,2026-09-17,active,2025-08-07 13:33:02
goal-00091,user-0045,general_health,68.3,37.1,2026-05-01,active,2025-06-08 02:20:55
goal-00092,user-0045,endurance,45.3,29.7,2025-10-28,cancelled,2025-10-22 16:15:48
goal-00093,user-0045,endurance,49.7,41.8,2026-06-26,active,2025-01-29 01:26:42
goal-00094,user-0046,weight_loss,72.6,74.1,2026-07-08,cancelled,2024-12-14 13:47:29
goal-00095,user-0047,endurance,27.6,29.9,2026-01-14,completed,2025-02-27 18:51:20
goal-00096,user-0048,muscle_gain,95.5,88.8,2026-04-17,completed,2025-04-24 20:54:03
goal-00097,user-0049,weight_loss,75.5,37.9,2026-04-08,cancelled,2025-02-20 17:07:21
goal-00098,user-0049,muscle_gain,81.1,39.9,2026-10-05,active,2024-12-30 13:26:08
goal-00099,user-0049,flexibility,94.2,39.7,2026-10-08,active,2025-05-26 23:38:57
goal-00100,user-0050,general_health,66.0,47.0,2025-11-29,completed,2025-08-28 22:54:36
goal-00101,user-0050,flexibility,60.2,55.6,2026-04-15,active,2025-08-07 08:28:23
goal-00102,user-0050,muscle_gain,63.8,37.7,2026-05-04,active,2025-05-26 21:32:24
goal-00103,user-0051,flexibility,56.4,25.5,2026-01-26,completed,2024-11-07 07:05:05
goal-00104,user-0051,flexibility,45.6,21.7,2026-01-17,completed,2024-12-31 08:32:48
goal-00105,user-0051,muscle_gain,80.9,95.7,2026-08-03,completed,2025-01-14 02:06:35
goal-00106,user-0052,flexibility,83.3,87.3,2026-04-28,completed,2025-07-30 17:45:57
goal-00107,user-0053,endurance,48.4,51.2,2026-03-08,completed,2025-09-30 16:08:14
goal-00108,user-0053,endurance,20.5,23.4,2026-02-22,active,2025-09-24 18:31:11
goal-00109,user-0054,muscle_gain,67.4,33.9,2026-06-19,completed,2025-09-21 11:48:35
goal-00110,user-0054,endurance,90.2,76.0,2026-05-31,active,2024-12-08 03:22:06
goal-00111,user-0054,muscle_gain,71.3,81.1,2026-01-08,completed,2025-10-01 05:41:27
goal-00112,user-0055,weight_loss,86.2,58.8,2026-08-10,completed,2025-01-26 13:33:43
goal-00113,user-0055,endurance,44.8,33.3,2026-04-19,cancelled,2025-04-16 20:21:41
goal-00114,user-0056,flexibility,49.3,27.7,2026-07-03,completed,2025-02-02 23:50:57
goal-00115,user-0056,endurance,55.4,55.9,2026-02-18,completed,2025-10-07 10:28:07
goal-00116,user-0056,flexibility,26.5,26.1,2026-07-18,completed,2025-02-21 04:17:44
goal-00117,user-0057,endurance,90.5,49.6,2026-02-20,completed,2025-08-14 01:29:37
goal-00118,user-0058,flexibility,73.7,47.3,2026-08-18,active,2025-10-03 16:03:25
goal-00119,user-0059,endurance,91.0,47.0,2026-01-17,cancelled,2024-12-23 06:24:53
goal-00120,user-0060,muscle_gain,91.7,79.8,2026-05-09,active,2025-02-15 15:07:11
goal-00121,user-0060,weight_loss,54.7,53.3,2026-04-21,active,2024-12-26 03:47:17
goal-00122,user-0060,general_health,73.7,88.4,2026-08-16,active,2025-07-16 02:14:27
goal-00123,user-0061,weight_loss,53.4,32.2,2026-02-11,completed,2024-11-16 08:05:03
goal-00124,user-0062,endurance,71.7,44.9,2026-06-01,completed,2025-02-15 19:47:49
goal-00125,user-0063,weight_loss,67.4,65.0,2026-08-04,cancelled,2025-06-09 07:21:38
goal-00126,user-0064,general_health,8.8,2.8,2026-07-19,active,2025-01-26 19:30:18
goal-00127,user-0064,muscle_gain,76.4,84.6,2026-07-28,completed,2025-10-11 19:13:11
goal-00128,user-0064,general_health,5.6,2.6,2025-12-07,cancelled,2025-01-17 04:22:00
goal-00129,user-0065,general_health,96.0,94.7,2025-11-08,completed,2025-04-18 01:52:06
goal-00130,user-0065,weight_loss,87.8,32.2,2025-11-23,completed,2025-06-16 08:09:30
goal-00131,user-0065,muscle_gain,65.8,74.0,2026-06-21,active,2025-05-25 04:59:56
goal-00132,user-0066,weight_loss,62.8,21.8,2026-06-08,completed,2025-09-03 00:05:20
goal-00133,user-0066,endurance,33.4,37.0,2025-11-30,active,2024-11-30 14:16:31
goal-00134,user-0066,general_health,41.3,38.2,2026-07-04,completed,2025-08-12 19:27:29
goal-00135,user-0067,flexibility,47.3,24.2,2026-07-16,completed,2025-02-27 22:59:22
goal-00136,user-0068,endurance,36.7,23.2,2026-04-01,completed,2025-01-01 00:52:51
goal-00137,user-0069,endurance,64.2,67.1,2026-04-01,active,2025-08-24 00:55:13
goal-00138,user-0070,general_health,96.3,60.1,2026-05-24,cancelled,2025-03-20 22:58:18
goal-00139,user-0071,endurance,44.4,34.9,2026-10-06,completed,2025-04-25 23:28:12
goal-00140,user-0072,weight_loss,60.9,60.3,2026-02-12,active,2025-08-09 21:22:50
goal-00141,user-0072,muscle_gain,80.0,44.7,2026-09-11,active,2025-09-12 03:00:24
goal-00142,user-0072,general_health,1.7,0.7,2026-05-08,active,2025-07-03 01:10:32
goal-00143,user-0073,muscle_gain,65.4,70.7,2026-08-26,cancelled,2025-05-13 23:26:15
goal-00144,user-0074,flexibility,83.4,47.0,2026-07-29,completed,2025-06-19 08:28:10
goal-00145,user-0074,general_health,71.4,28.2,2026-06-18,cancelled,2025-05-06 18:07:10
goal-00146,user-0075,weight_loss,58.1,17.6,2026-09-06,completed,2025-01-04 09:02:46
goal-00147,user-0075,general_health,29.8,35.2,2026-01-26,completed,2025-03-13 19:16:25
goal-00148,user-0076,muscle_gain,83.4,70.7,2026-02-05,active,2025-01-23 07:03:15
goal-00149,user-0076,weight_loss,75.8,61.4,2025-12-07,completed,2025-01-19 10:48:12
goal-00150,user-0077,endurance,73.3,37.7,2026-08-11,cancelled,2025-01-08 12:08:23
goal-00151,user-0077,flexibility,18.5,20.0,2026-10-18,completed,2025-02-10 06:10:57
goal-00152,user-0078,flexibility,97.5,104.2,2026-06-10,completed,2025-05-30 21:51:18
goal-00153,user-0078,flexibility,10.5,9.0,2026-07-12,cancelled,2025-01-31 11:40:59
goal-00154,user-0078,weight_loss,57.4,42.5,2026-04-29,completed,2024-12-16 03:47:28
goal-00155,user-0079,general_health,48.6,48.2,2026-07-04,cancelled,2025-02-02 22:48:08
goal-00156,user-0080,muscle_gain,80.4,82.6,2026-03-20,cancelled,2025-09-03 23:12:58
goal-00157,user-0080,endurance,42.6,21.9,2026-03-27,completed,2025-01-08 14:12:34
goal-00158,user-0080,endurance,24.4,9.3,2026-10-01,active,2025-09-25 13:26:44
goal-00159,user-0081,endurance,71.1,30.2,2025-12-14,cancelled,2025-07-11 00:31:29
goal-00160,user-0081,muscle_gain,61.8,58.1,2026-09-11,completed,2025-05-02 14:39:40
goal-00161,user-0082,flexibility,56.9,54.3,2026-06-10,cancelled,2024-12-16 16:22:53
goal-00162,user-0083,endurance,22.7,19.7,2026-06-23,active,2025-08-28 03:10:42
goal-00163,user-0084,weight_loss,73.9,52.2,2026-09-20,active,2025-09-10 11:16:47
goal-00164,user-0085,weight_loss,60.2,52.9,2026-07-28,active,2025-01-13 21:53:02
goal-00165,user-0086,muscle_gain,63.2,65.9,2026-06-22,active,2025-07-03 17:05:25
goal-00166,user-0087,general_health,51.1,60.8,2026-03-19,cancelled,2025-08-10 14:35:13
goal-00167,user-0087,general_health,82.9,66.5,2026-05-15,active,2025-04-20 19:08:28
goal-00168,user-0088,weight_loss,55.3,36.2,2026-08-21,completed,2025-02-18 11:56:40
goal-00169,user-0088,flexibility,94.1,71.7,2026-09-18,completed,2025-03-23 21:02:05
goal-00170,user-0088,flexibility,85.8,46.9,2026-08-18,completed,2025-08-02 10:30:55
goal-00171,user-0089,weight_loss,83.2,61.4,2026-06-22,completed,2025-03-27 15:10:42
goal-00172,user-0089,general_health,38.8,41.7,2026-05-23,active,2025-10-13 10:03:50
goal-00173,user-0090,endurance,26.7,18.5,2026-08-04,cancelled,2025-06-19 12:27:54
goal-00174,user-0090,general_health,86.4,48.7,2026-02-15,cancelled,2025-08-24 03:28:27
goal-00175,user-0091,flexibility,5.5,2.9,2026-08-28,active,2025-02-26 01:36:53
goal-00176,user-0091,flexibility,80.2,53.3,2026-04-02,cancelled,2025-02-03 09:26:04
goal-00177,user-0092,general_health,64.5,25.7,2026-08-24,active,2024-12-05 19:46:32
goal-00178,user-0093,muscle_gain,95.1,56.2,2026-03-24,active,2024-12-23 01:19:53
goal-00179,user-0094,weight_loss,74.2,75.2,2025-12-10,active,2025-02-22 11:55:41
goal-00180,user-0094,weight_loss,56.7,56.4,2026-03-05,cancelled,2025-01-08 00:21:21
goal-00181,user-0095,weight_loss,52.0,36.5,2026-09-24,cancelled,2025-06-18 02:42:50
goal-00182,user-0096,general_health,84.2,31.6,2026-10-01,active,2025-01-13 13:38:53
goal-00183,user-0096,endurance,92.6,105.9,2026-05-23,active,2025-09-24 13:24:46
goal-00184,user-0096,flexibility,40.0,44.3,2026-09-17,active,2025-09-28 01:50:52
goal-00185,user-0097,endurance,97.0,85.3,2026-03-22,completed,2025-07-08 07:08:55
goal-00186,user-0097,weight_loss,66.2,76.6,2025-11-11,completed,2025-05-08 15:56:24
goal-00187,user-0097,muscle_gain,74.9,77.6,2026-10-23,cancelled,2024-11-09 03:21:56
goal-00188,user-0098,flexibility,51.0,19.8,2025-12-25,cancelled,2024-12-21 01:13:00
goal-00189,user-0098,weight_loss,68.4,69.6,2025-11-30,active,2024-11-23 02:01:06
goal-00190,user-0098,general_health,2.4,2.7,2026-06-02,completed,2025-07-25 00:07:34
goal-00191,user-0099,general_health,60.9,47.9,2026-09-01,completed,2024-11-01 02:49:00
goal-00192,user-0100,muscle_gain,79.9,27.1,2026-03-22,active,2025-01-20 04:26:32
goal-00193,user-0100,muscle_gain,88.8,31.4,2026-07-24,active,2025-03-27 14:56:19
goal-00194,user-0101,weight_loss,86.6,30.6,2026-10-02,cancelled,2025-09-30 06:13:10
goal-00195,user-0101,flexibility,13.6,13.2,2026-04-09,active,2025-05-15 13:10:09
goal-00196,user-0101,muscle_gain,68.8,39.0,2026-07-07,completed,2024-11-17 01:34:34
goal-00197,user-0102,muscle_gain,97.0,99.1,2026-05-01,active,2025-09-22 16:49:19
goal-00198,user-0103,weight_loss,82.7,70.4,2025-11-26,active,2025-03-08 05:37:43
goal-00199,user-0103,flexibility,60.9,62.6,2026-05-05,cancelled,2024-12-29 02:54:21
goal-00200,user-0104,general_health,53.5,58.3,2026-08-30,active,2025-03-20 01:53:26
goal-00201,user-0104,general_health,4.2,2.0,2026-05-31,completed,2025-08-05 20:40:42
goal-00202,user-0104,general_health,97.0,40.7,2025-11-04,completed,2025-04-01 18:00:14
goal-00203,user-0105,flexibility,5.4,5.0,2026-02-24,cancelled,2025-09-22 07:33:27
goal-00204,user-0105,flexibility,52.3,33.5,2026-03-04,completed,2025-01-07 11:44:25
goal-00205,user-0105,weight_loss,52.8,57.2,2026-03-22,active,2025-02-08 10:13:04
goal-00206,user-0106,flexibility,82.1,58.7,2025-11-02,completed,2025-08-30 06:50:54
goal-00207,user-0106,general_health,43.0,35.6,2026-02-04,completed,2025-09-11 03:43:50
goal-00208,user-0106,weight_loss,86.9,75.8,2025-12-15,active,2025-06-12 07:36:49
goal-00209,user-0107,muscle_gain,93.5,110.7,2026-10-02,cancelled,2025-07-11 01:37:36
goal-00210,user-0108,endurance,61.1,56.8,2026-07-19,completed,2025-09-08 06:56:02
goal-00211,user-0108,endurance,43.1,27.8,2026-04-30,completed,2025-04-03 21:20:48
goal-00212,user-0108,muscle_gain,82.6,56.7,2026-02-12,completed,2025-06-15 23:56:30
goal-00213,user-0109,flexibility,31.9,31.4,2026-08-13,completed,2025-01-12 03:23:49
goal-00214,user-0109,muscle_gain,62.9,50.6,2026-03-20,active,2025-04-28 12:09:00
goal-00215,user-0110,flexibility,43.9,13.7,2025-12-21,cancelled,2025-02-14 10:17:37
goal-00216,user-0111,muscle_gain,74.5,77.3,2025-11-26,cancelled,2025-02-26 12:24:15
goal-00217,user-0112,endurance,88.0,79.2,2026-07-19,completed,2024-10-31 16:50:01
goal-00218,user-0112,general_health,72.8,73.8,2026-06-26,cancelled,2025-09-04 12:06:26
goal-00219,user-0113,flexibility,87.7,32.1,2026-07-24,active,2025-01-23 15:34:33
goal-00220,user-0114,muscle_gain,66.1,31.9,2025-11-23,active,2025-01-15 02:55:32
goal-00221,user-0114,flexibility,50.5,41.1,2026-03-28,active,2025-06-06 06:06:04
goal-00222,user-0114,weight_loss,81.9,33.2,2025-12-29,cancelled,2025-04-24 03:26:51
goal-00223,user-0115,flexibility,18.2,18.2,2026-01-20,cancelled,2025-08-15 18:46:51
goal-00224,user-0115,muscle_gain,100.0,36.5,2026-03-24,active,2025-02-24 14:27:47
goal-00225,user-0115,general_health,31.7,22.8,2025-12-28,cancelled,2025-10-09 22:04:04
goal-00226,user-0116,endurance,74.1,58.1,2025-11-03,active,2025-09-26 06:47:38
goal-00227,user-0116,weight_loss,72.0,35.6,2026-03-02,cancelled,2025-08-29 02:51:20
goal-00228,user-0117,muscle_gain,74.8,81.9,2026-03-30,active,2025-05-31 06:45:16
goal-00229,user-0117,weight_loss,59.0,53.8,2026-05-21,active,2024-11-20 11:30:33
goal-00230,user-0118,endurance,67.8,55.4,2026-06-12,cancelled,2025-06-08 21:30:08
goal-00231,user-0118,weight_loss,86.9,64.0,2026-04-06,cancelled,2025-01-09 16:07:55
goal-00232,user-0118,flexibility,87.9,73.7,2026-03-25,active,2024-11-28 09:36:01
goal-00233,user-0119,muscle_gain,66.1,79.2,2026-05-07,cancelled,2025-05-18 23:00:59
goal-00234,user-0119,muscle_gain,89.2,28.5,2026-05-05,cancelled,2025-06-13 18:41:26
goal-00235,user-0120,general_health,19.9,21.9,2026-03-11,active,2025-03-31 06:10:35
goal-00236,user-0121,general_health,32.8,27.1,2026-04-17,completed,2025-01-30 02:09:41
goal-00237,user-0121,muscle_gain,65.8,32.4,2025-12-03,active,2025-06-25 03:34:05
goal-00238,user-0122,endurance,96.2,55.9,2026-01-09,cancelled,2025-06-15 06:13:14
goal-00239,user-0122,flexibility,80.1,52.0,2026-04-13,completed,2025-10-15 10:06:14
goal-00240,user-0123,flexibility,20.3,11.1,2025-11-10,completed,2025-02-10 12:09:11
goal-00241,user-0124,weight_loss,70.2,23.6,2026-01-21,completed,2025-07-07 04:43:55
goal-00242,user-0124,flexibility,18.8,7.4,2026-09-02,cancelled,2024-12-27 21:08:21
goal-00243,user-0125,general_health,42.0,46.1,2026-08-22,active,2025-04-07 04:58:06
goal-00244,user-0125,weight_loss,73.2,33.0,2026-10-15,cancelled,2025-05-04 11:07:19
goal-00245,user-0125,flexibility,51.4,29.0,2025-12-21,active,2025-04-23 18:48:47
goal-00246,user-0126,general_health,31.2,12.3,2026-01-12,cancelled,2025-01-03 11:40:05
goal-00247,user-0126,general_health,74.0,61.7,2026-05-29,cancelled,2024-12-23 19:05:00
goal-00248,user-0127,endurance,12.9,6.7,2026-05-29,completed,2024-12-01 08:31:21
goal-00249,user-0127,muscle_gain,91.5,40.2,2026-05-09,cancelled,2025-10-23 13:35:30
goal-00250,user-0128,flexibility,72.5,77.7,2026-09-02,completed,2025-07-27 02:57:13
goal-00251,user-0128,general_health,56.2,26.1,2026-10-01,cancelled,2025-09-18 13:52:54
goal-00252,user-0129,muscle_gain,84.6,41.4,2026-04-24,cancelled,2025-09-10 03:54:06
goal-00253,user-0129,endurance,40.2,32.5,2026-08-31,completed,2025-07-26 03:42:00
goal-00254,user-0129,endurance,5.0,2.3,2026-03-06,cancelled,2025-08-23 13:11:50
goal-00255,user-0130,general_health,63.2,67.4,2026-09-04,completed,2025-02-15 07:06:18
goal-00256,user-0130,weight_loss,72.5,59.5,2026-07-26,completed,2025-09-17 07:26:55
goal-00257,user-0131,muscle_gain,96.3,96.5,2025-12-19,cancelled,2025-03-05 21:29:28
goal-00258,user-0131,flexibility,3.9,2.1,2026-02-16,active,2025-09-21 05:47:12
goal-00259,user-0132,muscle_gain,89.1,72.1,2026-09-20,active,2025-10-12 08:48:01
goal-00260,user-0133,general_health,50.2,55.2,2026-09-10,cancelled,2025-02-07 06:47:16
goal-00261,user-0133,weight_loss,79.6,77.0,2026-02-18,active,2025-04-29 10:29:00
goal-00262,user-0134,endurance,21.4,15.6,2026-01-31,cancelled,2024-12-22 19:15:23
goal-00263,user-0134,flexibility,62.4,54.4,2026-06-18,completed,2025-05-21 04:07:06
goal-00264,user-0134,endurance,2.5,2.4,2026-09-07,active,2025-06-28 23:25:14
goal-00265,user-0135,flexibility,37.2,17.9,2025-11-29,cancelled,2025-09-04 00:24:17
goal-00266,user-0135,weight_loss,86.5,65.9,2025-11-13,active,2025-07-06 20:35:53
goal-00267,user-0136,flexibility,32.2,16.9,2025-11-06,cancelled,2024-12-23 10:01:03
goal-00268,user-0136,flexibility,86.4,42.3,2026-05-28,active,2025-02-20 17:06:04
goal-00269,user-0136,weight_loss,63.3,34.7,2026-10-20,cancelled,2025-07-14 15:53:41
goal-00270,user-0137,general_health,8.9,7.1,2026-06-29,cancelled,2025-10-10 20:27:23
goal-00271,user-0137,muscle_gain,69.3,25.7,2025-11-02,completed,2024-11-15 10:18:37
goal-00272,user-0138,general_health,84.8,97.7,2026-06-25,cancelled,2025-07-19 07:44:06
goal-00273,user-0138,endurance,47.6,40.2,2026-01-19,cancelled,2025-06-05 22:52:57
goal-00274,user-0139,general_health,55.5,18.3,2026-08-31,completed,2024-12-18 14:03:00
goal-00275,user-0139,general_health,21.7,8.4,2025-12-17,cancelled,2025-01-10 08:05:50
goal-00276,user-0139,endurance,34.9,22.4,2026-05-01,completed,2025-10-18 12:22:40
goal-00277,user-0140,weight_loss,87.2,104.3,2026-07-25,active,2025-01-11 18:40:21
goal-00278,user-0141,muscle_gain,78.2,59.9,2026-08-22,completed,2025-07-31 20:12:32
goal-00279,user-0141,general_health,43.5,51.0,2025-11-21,cancelled,2025-01-21 02:17:59
goal-00280,user-0142,general_health,6.2,4.9,2025-12-08,cancelled,2025-08-15 01:19:11
goal-00281,user-0143,muscle_gain,82.8,84.8,2026-05-06,completed,2024-11-28 13:08:08
goal-00282,user-0143,weight_loss,65.0,77.8,2026-09-05,completed,2024-11-22 02:06:44
goal-00283,user-0144,flexibility,86.0,26.1,2026-04-12,active,2025-03-17 08:03:47
goal-00284,user-0144,endurance,89.1,62.6,2026-07-09,active,2025-10-01 17:02:36
goal-00285,user-0145,general_health,67.3,59.7,2026-06-22,active,2025-05-01 15:42:25
goal-00286,user-0145,weight_loss,89.5,62.5,2026-03-28,active,2025-03-13 19:22:11
goal-00287,user-0146,muscle_gain,70.7,34.5,2025-11-24,cancelled,2025-02-01 11:39:45
goal-00288,user-0146,endurance,15.2,9.0,2026-05-31,cancelled,2025-04-05 20:00:48
goal-00289,user-0147,flexibility,46.4,14.9,2026-06-17,cancelled,2025-05-05 23:34:50
goal-00290,user-0147,weight_loss,79.6,38.4,2026-05-02,active,2025-03-02 03:48:22
goal-00291,user-0148,general_health,16.9,12.4,2026-06-18,active,2025-01-25 01:53:43
goal-00292,user-0149,endurance,10.2,3.5,2026-02-21,completed,2025-10-04 21:20:35
goal-00293,user-0149,general_health,62.1,18.9,2026-10-07,active,2025-07-16 01:57:48
goal-00294,user-0150,general_health,55.2,53.1,2026-04-08,active,2024-11-04 00:00:31
goal-00295,user-0150,flexibility,52.5,33.0,2026-04-13,completed,2025-05-27 12:12:06
goal-00296,user-0151,general_health,58.7,45.2,2026-08-30,completed,2025-04-25 01:41:32
goal-00297,user-0151,muscle_gain,66.6,55.5,2025-11-30,active,2025-03-02 00:00:32
goal-00298,user-0151,muscle_gain,93.0,98.7,2026-07-26,completed,2024-12-01 16:48:38
goal-00299,user-0152,muscle_gain,73.5,72.7,2026-08-10,completed,2024-11-10 11:28:06
goal-00300,user-0152,weight_loss,80.8,32.4,2026-01-01,completed,2025-02-11 04:31:25
goal-00301,user-0153,flexibility,91.5,38.9,2026-03-03,active,2025-03-28 05:23:09
goal-00302,user-0153,muscle_gain,83.8,93.3,2026-03-13,cancelled,2025-07-09 01:46:25
goal-00303,user-0154,flexibility,91.8,81.7,2026-01-17,active,2025-07-04 08:43:12
goal-00304,user-0154,weight_loss,59.5,32.6,2026-01-20,cancelled,2024-10-30 11:05:40
goal-00305,user-0154,weight_loss,81.4,91.4,2026-08-13,completed,2025-10-09 19:20:40
goal-00306,user-0155,endurance,20.5,11.0,2026-09-01,cancelled,2025-06-19 08:24:31
goal-00307,user-0156,weight_loss,63.4,67.9,2026-08-22,completed,2025-08-24 12:22:25
goal-00308,user-0156,flexibility,13.5,11.6,2026-02-25,completed,2025-06-22 20:47:20
goal-00309,user-0156,flexibility,80.2,93.3,2026-09-16,completed,2024-11-29 19:01:20
goal-00310,user-0157,flexibility,24.6,11.7,2026-04-27,cancelled,2025-08-24 11:52:37
goal-00311,user-0158,flexibility,59.4,54.0,2025-10-26,cancelled,2025-06-23 23:55:58
goal-00312,user-0158,weight_loss,86.7,84.7,2026-01-10,active,2025-09-17 11:00:59
goal-00313,user-0159,endurance,59.1,34.9,2026-03-05,completed,2025-07-22 15:29:23
goal-00314,user-0159,flexibility,23.2,21.4,2026-01-25,cancelled,2025-02-04 08:28:44
goal-00315,user-0159,flexibility,82.1,52.9,2026-06-07,cancelled,2025-05-21 03:27:56
goal-00316,user-0160,weight_loss,71.6,28.1,2026-08-15,cancelled,2024-11-20 18:47:09
goal-00317,user-0160,flexibility,64.0,40.6,2026-10-10,cancelled,2025-08-31 16:06:09
goal-00318,user-0160,endurance,98.0,91.3,2026-04-10,active,2025-04-01 08:34:08
goal-00319,user-0161,general_health,73.2,67.8,2026-07-19,active,2025-04-17 18:40:35
goal-00320,user-0161,endurance,98.8,73.0,2026-10-16,active,2025-09-16 10:33:28
goal-00321,user-0161,muscle_gain,79.8,72.5,2026-08-03,active,2025-03-31 09:02:24
goal-00322,user-0162,weight_loss,84.4,35.1,2026-03-21,cancelled,2025-09-17 12:20:16
goal-00323,user-0163,endurance,67.7,64.7,2026-07-28,active,2024-12-08 05:03:49
goal-00324,user-0164,endurance,39.8,12.7,2026-08-10,cancelled,2025-02-16 19:26:10
goal-00325,user-0164,endurance,99.5,70.8,2026-02-07,cancelled,2025-01-01 14:29:31
goal-00326,user-0164,muscle_gain,95.0,48.3,2026-05-20,cancelled,2025-01-06 23:59:14
goal-00327,user-0165,endurance,87.4,28.1,2026-04-02,cancelled,2024-11-19 09:47:12
goal-00328,user-0166,flexibility,81.7,48.0,2026-03-27,completed,2025-01-27 14:03:48
goal-00329,user-0167,flexibility,86.1,71.1,2026-03-23,active,2025-03-27 14:27:41
goal-00330,user-0167,general_health,9.1,7.1,2026-02-23,completed,2025-06-26 23:55:10
goal-00331,user-0168,muscle_gain,99.7,84.7,2026-02-03,active,2024-11-28 02:21:04
goal-00332,user-0169,muscle_gain,90.3,78.1,2026-07-21,cancelled,2025-07-11 02:12:30
goal-00333,user-0169,endurance,29.3,13.9,2026-06-17,completed,2025-08-17 18:01:04
goal-00334,user-0169,flexibility,26.5,18.6,2026-01-01,completed,2025-01-05 13:47:02
goal-00335,user-0170,flexibility,37.4,14.0,2026-06-19,completed,2025-04-20 17:08:45
goal-00336,user-0171,muscle_gain,68.4,52.1,2026-03-08,active,2025-05-25 21:18:59
goal-00337,user-0171,general_health,32.2,26.8,2026-01-21,completed,2025-03-16 02:07:07
goal-00338,user-0172,muscle_gain,86.4,37.9,2026-04-22,cancelled,2025-04-21 03:53:39
goal-00339,user-0172,general_health,72.4,52.4,2026-09-22,cancelled,2025-09-18 09:21:49
goal-00340,user-0173,general_health,40.9,41.0,2026-07-09,active,2025-04-20 18:36:26
goal-00341,user-0173,general_health,78.8,26.0,2026-01-02,completed,2025-01-26 05:36:03
goal-00342,user-0173,flexibility,13.5,8.8,2026-07-20,active,2025-10-04 20:06:43
goal-00343,user-0174,flexibility,19.1,8.3,2026-07-17,active,2024-12-20 21:28:02
goal-00344,user-0174,weight_loss,52.7,21.6,2026-03-04,completed,2024-12-07 13:41:34
goal-00345,user-0174,endurance,29.2,9.5,2026-06-14,active,2025-03-01 10:20:50
goal-00346,user-0175,endurance,42.7,27.0,2026-07-20,active,2025-10-04 07:47:59
goal-00347,user-0176,weight_loss,88.9,73.6,2026-02-28,cancelled,2025-10-01 09:40:24
goal-00348,user-0176,flexibility,95.7,84.5,2025-11-07,active,2025-06-13 05:22:54
goal-00349,user-0177,flexibility,25.7,13.5,2026-07-24,completed,2025-04-10 00:42:52
goal-00350,user-0177,general_health,54.6,48.3,2025-10-25,active,2025-02-26 19:40:46
goal-00351,user-0177,general_health,6.5,2.6,2026-02-04,cancelled,2024-12-30 19:52:49
goal-00352,user-0178,flexibility,49.7,57.9,2026-08-05,cancelled,2025-04-24 04:48:43
goal-00353,user-0178,general_health,63.4,45.3,2026-08-17,active,2024-11-28 04:08:47
goal-00354,user-0179,flexibility,46.5,33.7,2025-12-11,cancelled,2025-01-07 13:36:17
goal-00355,user-0180,endurance,65.2,51.4,2026-07-07,completed,2024-12-03 15:20:45
goal-00356,user-0181,endurance,54.1,48.9,2026-06-25,cancelled,2025-06-17 21:05:18
goal-00357,user-0182,general_health,67.3,57.3,2026-09-14,cancelled,2024-12-26 08:03:49
goal-00358,user-0182,general_health,27.2,18.6,2026-10-21,cancelled,2025-03-17 06:20:34
goal-00359,user-0182,weight_loss,72.4,69.7,2026-08-07,active,2025-01-24 15:42:01
goal-00360,user-0183,flexibility,62.0,18.7,2026-03-20,active,2025-05-16 15:35:05
goal-00361,user-0184,weight_loss,68.4,59.5,2026-09-27,cancelled,2025-02-07 17:59:03
goal-00362,user-0184,endurance,25.9,25.9,2026-10-06,active,2025-07-31 13:30:17
goal-00363,user-0185,flexibility,12.5,4.5,2026-03-06,cancelled,2024-11-23 08:16:38
goal-00364,user-0185,general_health,46.3,34.2,2026-09-08,active,2025-01-06 11:40:30
goal-00365,user-0186,general_health,67.2,48.7,2026-04-15,active,2024-11-23 01:59:28
goal-00366,user-0187,muscle_gain,72.3,33.2,2025-12-18,cancelled,2025-07-06 08:15:32
goal-00367,user-0188,weight_loss,80.5,82.7,2026-01-24,active,2025-08-23 17:43:09
goal-00368,user-0188,general_health,16.9,16.0,2026-05-23,completed,2024-12-15 07:20:40
goal-00369,user-0189,general_health,18.0,14.8,2025-11-08,completed,2025-03-01 19:41:54
goal-00370,user-0190,flexibility,49.8,57.8,2026-06-16,completed,2025-09-11 02:43:44
goal-00371,user-0191,flexibility,38.7,44.6,2026-05-24,cancelled,2025-06-17 21:45:38
goal-00372,user-0192,endurance,15.6,11.4,2026-10-02,active,2025-08-24 12:32:03
goal-00373,user-0193,muscle_gain,68.3,46.6,2026-08-22,completed,2025-06-26 06:46:25
goal-00374,user-0193,muscle_gain,76.7,69.5,2026-07-22,cancelled,2025-06-22 21:47:28
goal-00375,user-0193,muscle_gain,70.5,39.7,2026-05-06,active,2025-03-10 16:44:50
goal-00376,user-0194,general_health,5.0,5.5,2026-01-31,cancelled,2025-08-20 03:48:23
goal-00377,user-0194,flexibility,58.1,18.0,2026-01-13,active,2024-11-17 03:46:22
goal-00378,user-0195,flexibility,34.3,12.3,2026-04-30,completed,2025-02-03 23:50:29
goal-00379,user-0195,weight_loss,74.1,55.1,2026-10-08,completed,2025-09-07 07:00:35
goal-00380,user-0196,muscle_gain,64.7,34.1,2026-10-13,active,2025-05-04 16:29:31
goal-00381,user-0197,muscle_gain,67.8,68.0,2026-03-22,completed,2025-05-04 07:12:13
goal-00382,user-0197,muscle_gain,65.7,60.7,2026-09-21,cancelled,2025-02-09 12:39:30
goal-00383,user-0197,endurance,10.8,8.4,2026-09-15,completed,2025-08-02 04:30:41
goal-00384,user-0198,endurance,56.8,51.1,2026-03-30,cancelled,2025-07-15 21:26:42
goal-00385,user-0199,muscle_gain,71.0,77.1,2025-12-17,completed,2024-11-01 20:04:20
goal-00386,user-0199,weight_loss,53.4,54.6,2026-10-12,active,2025-07-08 20:51:55
goal-00387,user-0200,muscle_gain,71.3,69.8,2026-09-22,completed,2025-01-18 04:17:24
goal-00388,user-0201,weight_loss,80.0,84.3,2026-08-06,cancelled,2024-12-11 04:18:15
goal-00389,user-0202,endurance,71.7,78.8,2026-08-17,active,2025-04-26 18:31:05
goal-00390,user-0202,weight_loss,67.6,44.0,2026-01-24,completed,2025-09-23 20:32:19
goal-00391,user-0202,endurance,56.2,22.5,2026-04-04,cancelled,2025-10-16 14:52:56
goal-00392,user-0203,general_health,19.6,11.7,2026-02-03,completed,2025-04-25 04:18:59
goal-00393,user-0203,muscle_gain,99.1,112.6,2025-12-31,active,2025-04-30 22:42:36
goal-00394,user-0204,muscle_gain,77.2,91.6,2026-06-15,completed,2024-12-21 10:27:56
goal-00395,user-0204,weight_loss,75.0,23.3,2026-06-13,cancelled,2025-02-19 23:32:59
goal-00396,user-0205,muscle_gain,92.3,33.0,2025-11-13,cancelled,2025-06-21 00:18:40
goal-00397,user-0205,weight_loss,50.3,27.7,2026-10-09,completed,2025-07-30 06:30:57
goal-00398,user-0206,muscle_gain,90.8,99.5,2026-10-05,cancelled,2025-01-19 02:32:09
goal-00399,user-0206,weight_loss,54.9,53.4,2026-07-10,completed,2024-12-04 23:38:19
goal-00400,user-0207,flexibility,90.6,89.7,2026-01-20,cancelled,2025-06-10 11:09:58
goal-00401,user-0207,muscle_gain,76.0,58.4,2026-07-30,cancelled,2025-06-18 14:18:36
goal-00402,user-0208,general_health,29.0,34.1,2026-09-29,completed,2025-05-30 05:03:20
goal-00403,user-0208,flexibility,70.7,49.7,2025-12-17,cancelled,2025-06-02 07:23:15
goal-00404,user-0208,general_health,43.2,13.1,2026-09-14,completed,2025-03-05 06:41:13
goal-00405,user-0209,endurance,23.6,20.6,2025-12-19,cancelled,2025-07-15 20:06:09
goal-00406,user-0209,weight_loss,85.3,46.6,2026-06-17,active,2025-09-16 04:47:57
goal-00407,user-0210,muscle_gain,70.4,48.8,2026-05-01,active,2025-10-02 05:02:55
goal-00408,user-0210,flexibility,88.1,40.5,2026-02-15,active,2024-12-10 10:15:45
goal-00409,user-0210,endurance,22.7,15.0,2026-09-01,cancelled,2024-11-08 18:36:27
goal-00410,user-0211,muscle_gain,77.1,86.0,2026-01-18,completed,2025-07-20 00:47:33
goal-00411,user-0212,muscle_gain,96.1,37.4,2026-05-14,cancelled,2025-01-12 18:12:49
goal-00412,user-0213,muscle_gain,90.1,63.1,2025-12-15,completed,2025-01-30 05:06:00
goal-00413,user-0213,flexibility,5.7,5.5,2026-10-03,active,2025-10-05 09:59:32
goal-00414,user-0214,flexibility,65.9,26.0,2026-05-03,active,2025-08-10 17:12:02
goal-00415,user-0214,general_health,59.9,65.5,2026-06-18,cancelled,2025-08-11 03:47:30
goal-00416,user-0214,endurance,96.7,31.6,2026-01-28,cancelled,2024-12-10 00:48:19
goal-00417,user-0215,muscle_gain,88.1,34.6,2026-03-28,cancelled,2025-06-02 18:13:38
goal-00418,user-0215,endurance,82.8,41.6,2026-05-27,completed,2025-02-19 13:44:21
goal-00419,user-0215,general_health,4.8,4.2,2026-02-13,cancelled,2025-10-03 10:36:51
goal-00420,user-0216,endurance,48.3,24.4,2026-09-24,cancelled,2025-05-27 19:45:14
goal-00421,user-0217,endurance,18.6,13.3,2026-10-12,cancelled,2024-11-22 22:54:23
goal-00422,user-0217,general_health,22.4,8.6,2026-02-05,active,2025-08-13 13:34:39
goal-00423,user-0218,muscle_gain,93.9,30.6,2026-06-25,active,2024-12-29 23:51:24
goal-00424,user-0218,flexibility,80.3,33.8,2026-06-09,active,2024-11-15 10:35:00
goal-00425,user-0218,flexibility,88.7,80.8,2025-11-28,completed,2025-07-30 09:40:44
goal-00426,user-0219,muscle_gain,94.5,49.8,2026-10-11,cancelled,2025-08-09 18:53:41
goal-00427,user-0220,flexibility,86.5,68.5,2026-03-13,cancelled,2025-06-02 04:19:47
goal-00428,user-0221,general_health,75.7,89.8,2026-04-11,completed,2024-12-14 07:35:00
goal-00429,user-0221,weight_loss,53.2,26.5,2026-02-09,completed,2024-11-03 03:38:27
goal-00430,user-0222,weight_loss,61.8,43.0,2026-07-02,completed,2025-10-12 22:53:40
goal-00431,user-0222,flexibility,27.8,32.7,2026-07-09,completed,2024-11-19 21:09:04
goal-00432,user-0223,flexibility,91.4,74.9,2026-06-13,active,2025-10-18 08:19:51
goal-00433,user-0223,endurance,12.6,5.1,2026-10-20,active,2025-03-11 06:47:23
goal-00434,user-0223,weight_loss,71.0,73.3,2025-12-29,completed,2025-06-03 18:49:43
goal-00435,user-0224,muscle_gain,95.6,57.1,2026-03-17,completed,2025-10-11 14:36:48
goal-00436,user-0224,flexibility,73.5,85.8,2026-05-30,cancelled,2025-05-16 02:22:55
goal-00437,user-0225,weight_loss,63.9,34.4,2026-02-06,cancelled,2025-06-21 23:36:45
goal-00438,user-0225,general_health,37.0,27.2,2026-07-10,active,2025-03-19 06:49:35
goal-00439,user-0225,general_health,43.0,14.2,2026-04-12,completed,2025-08-23 13:14:09
goal-00440,user-0226,weight_loss,84.0,81.9,2026-09-30,active,2025-10-03 02:47:30
goal-00441,user-0226,endurance,77.0,33.1,2026-02-07,cancelled,2025-04-26 15:02:02
goal-00442,user-0226,flexibility,99.9,56.0,2026-07-02,completed,2024-12-24 02:56:01
goal-00443,user-0227,flexibility,44.2,39.6,2026-03-10,active,2025-04-08 03:13:20
goal-00444,user-0227,general_health,4.8,5.8,2026-01-21,active,2025-02-02 17:10:07
goal-00445,user-0228,endurance,10.5,10.6,2026-09-06,active,2025-06-10 02:24:07
goal-00446,user-0228,muscle_gain,96.3,46.3,2026-07-25,cancelled,2024-12-10 21:22:34
goal-00447,user-0229,flexibility,37.4,16.5,2026-04-20,cancelled,2025-08-01 12:44:17
goal-00448,user-0229,endurance,52.6,17.0,2026-05-27,cancelled,2025-05-22 09:30:40
goal-00449,user-0229,general_health,84.8,82.0,2026-09-15,cancelled,2025-09-06 02:25:59
goal-00450,user-0230,general_health,85.6,98.2,2026-06-09,cancelled,2025-01-23 23:27:27
goal-00451,user-0230,weight_loss,65.5,60.9,2026-07-27,completed,2025-05-26 15:29:20
goal-00452,user-0231,general_health,36.0,11.0,2026-08-12,active,2025-01-06 00:27:27
goal-00453,user-0231,weight_loss,63.7,67.2,2025-12-15,active,2024-11-26 08:19:21
goal-00454,user-0231,weight_loss,76.0,61.7,2025-11-06,active,2025-03-06 12:59:08
goal-00455,user-0232,general_health,26.9,15.8,2026-10-12,cancelled,2025-02-12 03:22:33
goal-00456,user-0232,endurance,34.8,31.8,2026-05-06,active,2025-04-09 16:55:46
goal-00457,user-0233,weight_loss,62.8,59.9,2026-04-10,active,2025-03-04 04:03:23
goal-00458,user-0234,weight_loss,70.9,25.8,2026-10-09,completed,2025-10-13 21:34:22
goal-00459,user-0234,general_health,19.4,9.4,2026-06-28,completed,2025-04-02 18:36:43
goal-00460,user-0235,endurance,42.5,22.8,2026-03-27,completed,2025-04-19 01:03:40
goal-00461,user-0235,endurance,1.5,0.6,2026-06-15,completed,2024-11-27 17:10:08
goal-00462,user-0236,weight_loss,89.9,103.5,2026-02-04,cancelled,2025-10-22 01:09:27
goal-00463,user-0236,endurance,38.0,29.1,2026-08-03,cancelled,2025-10-10 14:57:10
goal-00464,user-0236,weight_loss,60.6,62.7,2026-01-07,completed,2025-01-30 06:20:26
goal-00465,user-0237,general_health,35.5,15.9,2026-03-31,completed,2024-12-24 21:34:59
goal-00466,user-0237,flexibility,3.1,2.3,2026-05-23,cancelled,2025-01-29 04:17:17
goal-00467,user-0238,weight_loss,80.2,71.1,2026-02-28,cancelled,2025-05-19 17:48:06
goal-00468,user-0239,flexibility,1.6,1.5,2026-08-07,cancelled,2025-03-18 09:46:09
goal-00469,user-0239,weight_loss,66.4,69.1,2026-04-15,completed,2025-08-27 01:32:05
goal-00470,user-0240,muscle_gain,86.0,50.0,2026-05-08,active,2025-06-13 22:47:23
goal-00471,user-0240,flexibility,96.6,37.4,2026-01-03,cancelled,2025-02-03 15:53:04
goal-00472,user-0240,muscle_gain,76.4,35.6,2025-12-15,cancelled,2024-12-23 16:25:04
goal-00473,user-0241,endurance,25.6,21.4,2025-11-06,active,2025-01-29 21:02:11
goal-00474,user-0241,endurance,19.7,11.8,2026-05-29,completed,2025-04-27 00:12:11
goal-00475,user-0242,weight_loss,68.3,30.6,2026-03-20,cancelled,2024-11-08 00:22:00
goal-00476,user-0242,muscle_gain,75.5,53.9,2025-12-06,cancelled,2024-11-19 13:03:12
goal-00477,user-0243,weight_loss,65.8,29.9,2025-11-15,cancelled,2025-02-26 13:12:07
goal-00478,user-0243,flexibility,79.5,46.6,2026-03-04,active,2024-12-17 05:36:51
goal-00479,user-0244,flexibility,11.5,4.8,2026-03-10,active,2025-10-20 11:06:59
goal-00480,user-0244,flexibility,9.7,5.8,2025-11-26,completed,2025-02-28 19:44:23
goal-00481,user-0245,weight_loss,83.5,28.1,2026-09-28,completed,2025-01-26 10:56:41
goal-00482,user-0245,weight_loss,81.4,86.5,2026-09-12,active,2025-01-29 00:52:18
goal-00483,user-0245,endurance,99.8,76.7,2026-10-06,cancelled,2025-04-05 04:56:21
goal-00484,user-0246,weight_loss,73.1,43.2,2026-04-03,active,2024-11-20 11:39:17
goal-00485,user-0247,muscle_gain,70.2,76.9,2026-04-25,active,2025-01-09 09:50:46
goal-00486,user-0247,muscle_gain,90.1,68.3,2026-09-07,active,2025-04-01 06:29:37
goal-00487,user-0247,endurance,5.0,1.9,2026-06-10,completed,2025-05-07 06:13:17
goal-00488,user-0248,endurance,27.4,31.0,2026-04-15,completed,2024-11-14 12:01:59
goal-00489,user-0248,muscle_gain,93.6,57.1,2026-03-31,active,2025-03-02 03:09:47
goal-00490,user-0248,muscle_gain,72.0,45.5,2026-06-11,completed,2025-09-23 20:37:55
goal-00491,user-0249,general_health,41.3,24.2,2026-05-24,cancelled,2024-11-30 15:00:07
goal-00492,user-0249,general_health,55.5,23.8,2026-06-26,completed,2025-01-11 01:13:15
goal-00493,user-0250,muscle_gain,75.4,84.3,2026-05-31,cancelled,2025-05-29 11:48:23
goal-00494,user-0251,muscle_gain,89.2,54.9,2026-08-11,active,2025-07-06 12:49:56
goal-00495,user-0251,general_health,10.6,7.6,2025-11-12,completed,2025-07-01 16:15:14
goal-00496,user-0252,weight_loss,79.7,67.9,2026-02-11,active,2024-10-31 14:15:13
goal-00497,user-0253,flexibility,91.5,78.3,2026-09-05,cancelled,2025-05-22 03:12:59
goal-00498,user-0253,weight_loss,86.8,45.6,2026-10-22,active,2025-05-11 05:35:31
goal-00499,user-0253,muscle_gain,62.0,62.8,2026-10-06,cancelled,2024-11-19 02:49:50
goal-00500,user-0254,flexibility,15.9,14.8,2025-12-28,cancelled,2025-06-21 20:59:07
goal-00501,user-0254,weight_loss,56.7,49.0,2026-08-25,active,2025-10-17 03:29:13
goal-00502,user-0255,weight_loss,53.2,37.9,2026-06-02,cancelled,2025-06-17 14:03:13
goal-00503,user-0255,muscle_gain,80.1,93.7,2026-03-26,completed,2025-03-31 13:27:36
goal-00504,user-0256,flexibility,40.0,33.9,2026-01-04,active,2025-03-18 12:43:57
goal-00505,user-0256,endurance,54.5,20.8,2026-05-25,active,2025-07-27 18:46:42
goal-00506,user-0256,weight_loss,86.4,69.7,2026-03-13,active,2024-12-27 04:49:46
goal-00507,user-0257,weight_loss,82.7,51.3,2026-01-27,active,2025-04-12 14:15:09
goal-00508,user-0257,general_health,78.5,80.5,2026-06-19,cancelled,2025-10-12 14:14:46
goal-00509,user-0257,weight_loss,54.8,32.6,2026-08-14,cancelled,2024-12-17 08:43:07
goal-00510,user-0258,flexibility,23.3,10.1,2025-12-07,completed,2025-05-26 12:09:23
goal-00511,user-0258,endurance,42.2,33.1,2026-05-06,completed,2025-09-18 04:30:05
goal-00512,user-0259,muscle_gain,78.9,58.3,2026-01-30,completed,2025-09-10 00:44:06
goal-00513,user-0259,endurance,9.1,3.4,2025-11-12,active,2024-11-04 07:40:12
goal-00514,user-0259,endurance,92.7,31.5,2026-04-04,completed,2025-07-04 17:40:20
goal-00515,user-0260,weight_loss,60.2,34.2,2026-04-14,active,2024-11-03 02:34:02
goal-00516,user-0261,flexibility,73.9,58.0,2025-11-22,cancelled,2025-03-15 05:45:57
goal-00517,user-0261,general_health,29.9,12.2,2026-08-28,cancelled,2025-08-08 03:57:54
goal-00518,user-0261,muscle_gain,91.6,88.5,2026-08-16,active,2025-07-04 22:24:59
goal-00519,user-0262,muscle_gain,62.3,55.3,2025-12-18,cancelled,2025-07-01 20:39:15
goal-00520,user-0263,endurance,80.0,29.2,2026-02-26,active,2025-08-09 09:29:09
goal-00521,user-0263,flexibility,72.5,78.2,2026-07-07,active,2024-11-23 19:01:07
goal-00522,user-0263,weight_loss,89.7,81.5,2026-04-16,active,2025-09-04 21:20:06
goal-00523,user-0264,endurance,23.7,26.2,2026-09-20,completed,2025-10-18 23:35:14
goal-00524,user-0264,endurance,15.5,5.1,2026-07-08,active,2025-07-04 10:12:04
goal-00525,user-0265,weight_loss,74.7,22.8,2025-11-05,cancelled,2025-02-06 18:14:40
goal-00526,user-0265,general_health,84.4,55.4,2026-10-03,cancelled,2025-01-04 01:16:26
goal-00527,user-0265,weight_loss,59.0,17.8,2026-07-05,completed,2024-11-02 11:52:26
goal-00528,user-0266,weight_loss,51.5,30.1,2026-01-01,cancelled,2025-01-15 14:53:42
goal-00529,user-0266,weight_loss,70.8,21.3,2025-11-07,cancelled,2025-02-28 22:42:56
goal-00530,user-0266,general_health,70.9,59.5,2026-07-19,cancelled,2025-09-30 23:36:48
goal-00531,user-0267,muscle_gain,94.6,96.7,2026-01-11,cancelled,2025-03-15 00:17:24
goal-00532,user-0267,flexibility,99.2,116.3,2025-11-15,completed,2025-07-13 07:27:31
goal-00533,user-0268,endurance,27.2,21.1,2026-06-11,completed,2025-03-30 01:15:08
goal-00534,user-0269,muscle_gain,75.3,77.5,2026-01-13,cancelled,2024-11-28 06:55:15
goal-00535,user-0270,general_health,34.3,40.9,2025-12-03,completed,2024-12-12 09:30:02
goal-00536,user-0270,muscle_gain,89.3,52.8,2026-04-30,active,2025-06-25 23:58:49
goal-00537,user-0270,general_health,80.0,70.0,2026-02-24,active,2025-06-24 02:49:44
goal-00538,user-0271,general_health,18.4,16.1,2026-08-29,cancelled,2024-11-22 22:00:29
goal-00539,user-0271,flexibility,38.1,17.9,2025-11-04,completed,2025-03-31 22:33:06
goal-00540,user-0272,muscle_gain,68.0,30.7,2026-06-14,cancelled,2025-03-27 20:28:09
goal-00541,user-0272,muscle_gain,82.1,83.8,2025-11-23,active,2024-11-14 16:53:21
goal-00542,user-0272,weight_loss,74.8,42.8,2026-03-15,active,2024-11-22 15:32:17
goal-00543,user-0273,general_health,1.5,1.4,2025-12-15,cancelled,2025-01-23 18:33:29
goal-00544,user-0273,flexibility,61.2,46.1,2026-06-07,cancelled,2024-12-29 13:33:43
goal-00545,user-0273,muscle_gain,76.1,28.8,2026-04-06,cancelled,2024-12-13 06:17:57
goal-00546,user-0274,weight_loss,87.1,36.1,2026-01-11,completed,2025-07-03 05:17:13
goal-00547,user-0274,muscle_gain,64.4,38.3,2025-10-28,active,2025-06-05 15:32:32
goal-00548,user-0275,weight_loss,60.3,58.0,2026-09-07,active,2025-05-29 15:47:06
goal-00549,user-0275,weight_loss,74.1,68.8,2026-02-10,active,2025-07-19 21:39:17
goal-00550,user-0275,muscle_gain,79.5,74.0,2026-01-12,active,2025-05-23 11:01:17
goal-00551,user-0276,muscle_gain,72.4,30.6,2026-06-01,active,2025-10-14 14:33:23
goal-00552,user-0277,weight_loss,51.8,59.0,2026-10-10,active,2025-08-31 15:40:59
goal-00553,user-0277,weight_loss,73.3,31.2,2025-12-07,completed,2025-02-12 01:19:59
goal-00554,user-0277,endurance,67.2,60.4,2026-03-10,cancelled,2024-12-16 17:53:38
goal-00555,user-0278,muscle_gain,96.7,48.0,2026-09-22,completed,2025-05-28 20:49:16
goal-00556,user-0278,muscle_gain,72.9,54.0,2026-06-26,completed,2025-08-01 09:38:24
goal-00557,user-0279,weight_loss,71.3,24.8,2026-08-02,cancelled,2025-10-18 22:00:37
goal-00558,user-0279,weight_loss,83.3,70.8,2025-12-19,cancelled,2025-03-31 23:26:58
goal-00559,user-0280,endurance,60.4,52.6,2026-04-28,active,2024-12-03 00:36:17
goal-00560,user-0281,flexibility,43.1,24.3,2025-11-09,active,2025-06-05 15:36:09
goal-00561,user-0281,general_health,38.2,19.2,2025-12-15,active,2025-07-25 05:43:40
goal-00562,user-0281,muscle_gain,86.8,95.7,2026-01-18,completed,2025-09-08 01:51:38
goal-00563,user-0282,general_health,7.5,3.3,2026-06-26,active,2025-08-10 03:00:24
goal-00564,user-0282,endurance,14.8,5.0,2026-08-03,active,2024-11-29 11:30:02
goal-00565,user-0283,endurance,61.0,71.6,2026-06-15,completed,2024-11-03 18:06:41
goal-00566,user-0283,general_health,17.3,15.0,2026-08-02,active,2025-04-15 12:03:22
goal-00567,user-0284,muscle_gain,65.7,63.9,2025-11-20,completed,2024-12-19 20:34:57
goal-00568,user-0285,weight_loss,62.6,47.2,2025-12-13,active,2025-08-03 20:03:43
goal-00569,user-0285,general_health,56.0,25.3,2026-06-12,active,2024-12-02 19:58:41
goal-00570,user-0286,flexibility,78.1,50.1,2025-12-11,cancelled,2025-05-07 06:26:02
goal-00571,user-0286,muscle_gain,70.7,54.6,2026-05-10,active,2024-11-06 15:48:19
goal-00572,user-0286,muscle_gain,98.8,34.9,2025-11-22,completed,2025-07-26 22:03:11
goal-00573,user-0287,weight_loss,61.8,50.6,2026-08-18,active,2024-11-06 18:29:14
goal-00574,user-0288,general_health,2.6,1.7,2026-07-04,active,2025-03-30 13:13:42
goal-00575,user-0288,general_health,96.8,63.3,2026-07-16,completed,2025-02-08 14:06:27
goal-00576,user-0289,muscle_gain,87.7,61.8,2026-02-20,cancelled,2025-09-09 23:28:41
goal-00577,user-0289,general_health,69.0,42.3,2025-12-21,cancelled,2025-09-24 04:41:23
goal-00578,user-0290,general_health,57.6,38.4,2026-08-25,cancelled,2025-02-24 08:20:22
goal-00579,user-0290,flexibility,96.4,89.8,2026-09-05,cancelled,2025-03-16 19:09:10
goal-00580,user-0291,weight_loss,70.0,27.6,2026-07-12,active,2025-02-21 02:06:15
goal-00581,user-0291,muscle_gain,81.1,61.2,2026-10-11,cancelled,2025-08-13 18:44:18
goal-00582,user-0292,muscle_gain,92.8,36.4,2026-09-22,cancelled,2025-05-12 00:01:24
goal-00583,user-0292,weight_loss,72.8,61.3,2026-09-11,cancelled,2025-06-23 07:06:18
goal-00584,user-0293,muscle_gain,78.4,38.6,2026-09-05,cancelled,2025-05-26 07:20:21
goal-00585,user-0294,general_health,86.0,54.4,2025-10-31,completed,2025-07-01 06:23:07
goal-00586,user-0294,general_health,77.4,70.9,2026-10-03,cancelled,2025-03-15 20:37:12
goal-00587,user-0295,weight_loss,86.2,31.9,2026-06-01,active,2025-07-26 09:13:57
goal-00588,user-0295,weight_loss,89.5,66.4,2026-03-25,cancelled,2025-06-20 23:37:08
goal-00589,user-0296,flexibility,38.3,32.6,2026-01-19,completed,2025-07-03 21:05:43
goal-00590,user-0296,endurance,42.0,49.5,2025-10-25,cancelled,2025-09-02 03:10:05
goal-00591,user-0296,weight_loss,59.7,66.8,2026-09-24,cancelled,2025-07-19 09:29:02
goal-00592,user-0297,endurance,40.7,21.5,2026-09-25,active,2025-04-11 19:01:53
goal-00593,user-0297,endurance,25.1,13.4,2025-11-01,active,2025-04-08 17:58:44
goal-00594,user-0297,general_health,8.0,6.6,2026-03-13,active,2025-06-25 15:27:42
goal-00595,user-0298,weight_loss,69.1,36.8,2026-02-22,active,2025-07-03 10:04:01
goal-00596,user-0299,muscle_gain,84.5,67.7,2026-05-15,completed,2025-06-09 23:29:45
goal-00597,user-0299,flexibility,9.2,7.2,2026-03-13,cancelled,2025-10-15 19:10:05
goal-00598,user-0299,general_health,80.1,34.5,2026-09-27,active,2025-08-17 22:58:17
goal-00599,user-0300,flexibility,73.2,70.4,2026-06-26,active,2025-08-20 06:46:31
goal-00600,user-0300,endurance,67.5,75.6,2026-06-10,active,2025-03-03 23:26:40
goal-00601,user-0301,endurance,89.8,33.8,2026-10-02,active,2025-01-12 15:12:29
goal-00602,user-0301,flexibility,96.4,42.3,2025-11-17,cancelled,2025-08-16 02:14:01
goal-00603,user-0301,muscle_gain,90.7,100.1,2026-04-25,active,2025-02-03 22:03:31
goal-00604,user-0302,weight_loss,61.8,21.1,2026-06-12,completed,2025-03-10 08:41:26
goal-00605,user-0302,weight_loss,51.6,22.1,2026-02-05,active,2025-09-09 21:59:34
goal-00606,user-0302,general_health,3.2,3.7,2025-12-08,completed,2025-01-12 11:10:16
goal-00607,user-0303,general_health,53.0,53.4,2026-06-12,cancelled,2025-07-03 01:36:19
goal-00608,user-0303,endurance,62.7,28.2,2025-12-16,completed,2025-08-11 18:34:19
goal-00609,user-0304,flexibility,7.9,9.2,2026-10-24,completed,2025-09-07 06:25:33
goal-00610,user-0304,weight_loss,60.2,35.6,2025-11-03,completed,2024-12-02 07:53:55
goal-00611,user-0305,endurance,61.8,52.8,2025-12-19,completed,2024-11-19 21:50:19
goal-00612,user-0306,muscle_gain,63.5,58.1,2026-09-06,completed,2025-05-02 15:00:06
goal-00613,user-0306,general_health,63.9,37.7,2026-03-01,active,2025-10-03 01:49:25
goal-00614,user-0306,muscle_gain,88.1,37.2,2026-07-17,completed,2025-08-10 00:34:46
goal-00615,user-0307,weight_loss,64.9,32.8,2026-06-12,completed,2025-03-30 02:51:33
goal-00616,user-0307,general_health,40.8,15.3,2026-06-30,active,2025-09-29 20:04:06
goal-00617,user-0308,general_health,73.5,26.0,2026-08-08,completed,2025-03-12 06:17:36
goal-00618,user-0308,flexibility,25.4,28.2,2026-05-16,completed,2025-09-25 08:25:08
goal-00619,user-0309,weight_loss,53.3,28.8,2026-05-08,completed,2025-01-01 10:21:56
goal-00620,user-0309,general_health,6.7,3.5,2026-08-15,cancelled,2024-12-22 11:23:30
goal-00621,user-0310,muscle_gain,65.0,65.9,2026-05-28,cancelled,2025-10-10 06:46:05
goal-00622,user-0310,muscle_gain,63.7,46.9,2026-06-24,cancelled,2025-10-15 03:36:39
goal-00623,user-0310,flexibility,60.2,52.2,2026-03-01,completed,2025-07-26 04:18:47
goal-00624,user-0311,muscle_gain,91.6,46.1,2026-02-10,cancelled,2025-04-24 15:26:15
goal-00625,user-0311,flexibility,42.5,38.6,2026-06-06,active,2025-04-07 14:04:30
goal-00626,user-0312,endurance,26.0,15.8,2026-02-20,cancelled,2024-11-05 19:29:35
goal-00627,user-0312,general_health,56.3,32.5,2025-11-14,cancelled,2025-04-02 16:19:07
goal-00628,user-0312,muscle_gain,98.8,69.9,2026-01-13,completed,2024-12-24 07:47:49
goal-00629,user-0313,endurance,69.2,25.6,2026-09-24,active,2025-04-04 11:58:19
goal-00630,user-0313,muscle_gain,91.6,64.0,2026-07-28,active,2025-07-02 12:04:14
goal-00631,user-0313,endurance,14.2,12.5,2026-10-03,completed,2025-03-31 01:49:21
goal-00632,user-0314,muscle_gain,82.3,44.2,2026-07-23,completed,2025-03-07 00:23:18
goal-00633,user-0314,weight_loss,81.5,32.1,2026-03-03,cancelled,2025-08-29 23:00:34
goal-00634,user-0315,general_health,49.4,21.9,2025-12-02,cancelled,2025-09-06 08:26:51
goal-00635,user-0316,muscle_gain,84.3,75.0,2025-12-04,cancelled,2025-04-10 21:35:03
goal-00636,user-0316,endurance,80.9,92.9,2026-08-27,active,2025-01-24 05:35:52
goal-00637,user-0317,endurance,31.1,25.4,2026-10-24,active,2025-06-20 05:45:26
goal-00638,user-0317,flexibility,75.8,75.1,2026-09-12,cancelled,2025-02-24 13:17:03
goal-00639,user-0318,weight_loss,81.1,50.7,2026-03-01,completed,2025-05-02 05:50:52
goal-00640,user-0318,muscle_gain,64.0,64.2,2026-08-14,active,2025-02-28 03:26:13
goal-00641,user-0318,flexibility,60.0,51.9,2026-08-19,cancelled,2025-08-21 19:25:49
goal-00642,user-0319,weight_loss,66.3,65.2,2026-10-16,cancelled,2025-09-25 15:13:04
goal-00643,user-0319,general_health,51.7,32.7,2026-06-11,active,2024-12-17 12:36:29
goal-00644,user-0320,general_health,72.7,60.9,2026-09-14,active,2025-02-04 07:57:39
goal-00645,user-0320,endurance,27.5,13.6,2026-02-15,cancelled,2025-09-22 22:24:24
goal-00646,user-0320,general_health,68.5,54.3,2026-09-27,active,2025-04-19 07:24:25
goal-00647,user-0321,weight_loss,63.3,33.6,2026-01-17,completed,2025-08-08 06:49:56
goal-00648,user-0321,muscle_gain,93.5,37.8,2026-03-15,cancelled,2024-12-09 11:00:17
goal-00649,user-0322,general_health,43.3,48.0,2026-07-16,completed,2025-04-27 18:18:03
goal-00650,user-0323,endurance,38.4,26.1,2026-05-15,cancelled,2025-08-20 20:19:31
goal-00651,user-0324,endurance,22.4,18.5,2026-01-26,active,2024-12-23 13:43:50
goal-00652,user-0325,endurance,97.1,88.0,2026-01-24,active,2025-05-22 06:42:13
goal-00653,user-0325,muscle_gain,64.6,44.8,2026-06-09,active,2024-11-16 12:38:31
goal-00654,user-0325,flexibility,94.2,105.1,2025-11-14,completed,2025-02-08 11:37:54
goal-00655,user-0326,endurance,90.5,87.7,2026-07-28,active,2025-01-29 15:36:53
goal-00656,user-0326,flexibility,26.5,28.5,2026-03-25,active,2025-09-17 15:29:57
goal-00657,user-0326,weight_loss,87.1,102.4,2026-01-23,active,2025-08-26 04:18:02
goal-00658,user-0327,flexibility,16.9,12.8,2026-05-07,active,2025-08-30 09:29:13
goal-00659,user-0327,muscle_gain,80.4,88.7,2026-06-20,cancelled,2025-09-26 06:44:00
goal-00660,user-0327,general_health,94.2,99.0,2026-08-28,active,2025-02-20 04:40:24
goal-00661,user-0328,muscle_gain,97.5,101.4,2026-08-14,active,2025-04-14 16:49:34
goal-00662,user-0328,general_health,40.9,26.0,2026-06-15,cancelled,2025-04-09 22:47:40
goal-00663,user-0329,flexibility,77.7,79.8,2026-05-16,completed,2025-10-22 07:22:43
goal-00664,user-0330,weight_loss,59.1,24.3,2025-11-23,completed,2025-10-24 14:24:36
goal-00665,user-0330,weight_loss,83.8,39.3,2026-05-03,cancelled,2025-03-07 11:27:11
goal-00666,user-0331,muscle_gain,83.6,52.1,2025-12-13,cancelled,2025-05-13 19:40:37
goal-00667,user-0332,general_health,2.6,2.8,2026-05-01,active,2025-02-22 09:50:15
goal-00668,user-0332,flexibility,73.0,44.8,2026-03-31,cancelled,2024-12-26 23:46:41
goal-00669,user-0333,general_health,18.2,20.4,2026-05-31,completed,2025-09-03 15:00:07
goal-00670,user-0333,general_health,96.4,86.0,2025-11-01,cancelled,2025-04-04 12:59:42
goal-00671,user-0333,muscle_gain,95.8,49.9,2025-11-23,completed,2025-08-27 03:02:41
goal-00672,user-0334,weight_loss,62.4,32.3,2025-11-26,cancelled,2025-05-13 09:09:09
goal-00673,user-0334,muscle_gain,90.7,68.5,2025-11-30,cancelled,2024-12-16 14:08:13
goal-00674,user-0334,muscle_gain,92.5,69.0,2026-04-04,completed,2025-10-11 21:18:37
goal-00675,user-0335,weight_loss,80.8,31.1,2026-01-05,active,2025-02-01 23:15:07
goal-00676,user-0336,endurance,28.9,28.3,2026-07-07,completed,2025-02-03 16:58:04
goal-00677,user-0336,endurance,27.7,25.4,2026-07-03,completed,2025-06-11 00:42:12
goal-00678,user-0336,general_health,91.0,28.8,2025-12-27,cancelled,2025-02-25 11:54:27
goal-00679,user-0337,endurance,98.2,79.5,2025-10-27,cancelled,2025-04-29 12:28:34
goal-00680,user-0337,endurance,83.1,36.4,2026-03-25,active,2025-07-11 07:57:27
goal-00681,user-0338,general_health,55.1,24.1,2026-10-16,completed,2025-08-06 09:00:56
goal-00682,user-0338,flexibility,42.8,34.8,2026-08-08,cancelled,2025-01-27 11:01:59
goal-00683,user-0338,endurance,59.4,21.1,2026-04-30,active,2025-06-08 20:04:08
goal-00684,user-0339,general_health,23.0,26.3,2025-10-29,completed,2025-03-08 14:25:48
goal-00685,user-0339,endurance,54.5,41.6,2026-09-10,cancelled,2025-03-29 03:56:57
goal-00686,user-0340,endurance,26.1,14.3,2026-06-24,cancelled,2025-06-28 15:37:05
goal-00687,user-0340,muscle_gain,63.0,74.6,2025-12-12,cancelled,2025-10-10 03:12:25
goal-00688,user-0341,flexibility,96.1,103.1,2026-07-22,completed,2025-04-02 17:52:23
goal-00689,user-0342,muscle_gain,96.5,41.5,2026-03-21,completed,2025-09-10 20:20:09
goal-00690,user-0342,muscle_gain,77.7,73.9,2026-04-04,completed,2025-05-05 02:21:15
goal-00691,user-0343,weight_loss,85.0,58.0,2026-09-13,active,2025-03-30 04:45:00
goal-00692,user-0343,flexibility,73.3,26.1,2026-05-14,cancelled,2025-06-17 17:10:41
goal-00693,user-0344,endurance,32.5,25.9,2026-04-26,completed,2025-04-20 09:18:08
goal-00694,user-0344,muscle_gain,78.8,46.0,2026-02-03,completed,2025-08-12 01:03:06
goal-00695,user-0345,endurance,94.0,29.2,2026-01-11,cancelled,2025-04-29 16:24:43
goal-00696,user-0346,weight_loss,85.4,43.4,2026-01-07,cancelled,2025-09-17 07:50:17
goal-00697,user-0347,endurance,71.3,34.2,2026-04-08,cancelled,2025-08-15 02:14:28
goal-00698,user-0347,muscle_gain,86.6,100.5,2026-03-29,cancelled,2025-02-07 02:43:10
goal-00699,user-0348,general_health,17.4,8.7,2025-10-25,cancelled,2025-05-30 16:41:34
goal-00700,user-0348,endurance,12.8,12.6,2026-05-27,cancelled,2025-03-07 17:47:54
goal-00701,user-0349,muscle_gain,73.6,75.6,2026-07-16,cancelled,2025-03-13 07:49:54
goal-00702,user-0349,weight_loss,52.7,20.6,2026-06-07,active,2025-02-12 14:21:06
goal-00703,user-0349,endurance,76.7,80.8,2026-05-27,cancelled,2025-04-17 04:24:07
goal-00704,user-0350,muscle_gain,89.6,106.2,2026-09-03,cancelled,2024-12-18 18:23:50
goal-00705,user-0351,flexibility,64.3,39.1,2026-04-09,completed,2025-07-01 15:32:06
goal-00706,user-0352,flexibility,59.7,61.8,2026-09-19,completed,2025-05-12 00:21:04
goal-00707,user-0353,flexibility,35.6,22.4,2026-09-03,completed,2025-03-17 15:43:24
goal-00708,user-0353,endurance,83.9,88.2,2026-10-21,cancelled,2024-12-26 04:38:33
goal-00709,user-0354,muscle_gain,96.0,79.4,2026-07-23,completed,2025-08-01 04:35:47
goal-00710,user-0354,weight_loss,62.9,74.3,2026-10-16,completed,2025-01-31 20:53:27
goal-00711,user-0355,endurance,15.7,13.2,2026-08-21,completed,2025-08-30 16:10:56
goal-00712,user-0355,flexibility,84.4,92.8,2026-03-11,completed,2025-05-21 07:56:07
goal-00713,user-0356,flexibility,57.5,19.1,2026-02-15,cancelled,2024-12-04 02:15:12
goal-00714,user-0357,endurance,60.4,66.7,2025-11-28,active,2025-06-13 15:20:28
goal-00715,user-0357,endurance,14.7,10.5,2026-05-18,completed,2025-10-07 23:20:50
goal-00716,user-0358,muscle_gain,92.1,109.5,2026-08-14,completed,2025-07-19 07:33:07
goal-00717,user-0358,weight_loss,72.0,49.4,2026-09-06,cancelled,2025-05-09 14:37:48
goal-00718,user-0359,general_health,49.3,33.4,2026-06-01,active,2025-09-27 13:27:02
goal-00719,user-0359,weight_loss,63.4,35.8,2026-06-19,active,2025-09-26 13:33:46
goal-00720,user-0359,muscle_gain,84.1,35.3,2026-04-18,cancelled,2025-09-19 23:05:54
goal-00721,user-0360,general_health,16.5,14.1,2025-12-21,cancelled,2025-05-01 06:13:12
goal-00722,user-0360,weight_loss,89.9,76.7,2026-04-16,cancelled,2025-01-17 19:41:40
goal-00723,user-0360,endurance,10.4,6.3,2026-05-09,active,2025-03-08 12:20:44
goal-00724,user-0361,general_health,71.5,37.7,2026-04-16,active,2025-03-23 22:49:35
goal-00725,user-0361,endurance,89.6,27.0,2025-11-09,active,2025-10-11 02:48:24
goal-00726,user-0362,muscle_gain,61.4,35.4,2026-07-22,active,2025-07-29 10:05:49
goal-00727,user-0363,muscle_gain,84.7,86.9,2026-04-12,cancelled,2025-09-06 05:22:00
goal-00728,user-0364,endurance,64.1,66.8,2026-07-13,cancelled,2025-04-08 09:04:02
goal-00729,user-0365,weight_loss,59.3,30.1,2025-12-17,cancelled,2025-06-07 14:06:34
goal-00730,user-0365,weight_loss,81.5,51.1,2026-01-12,active,2025-08-18 10:04:32
goal-00731,user-0365,endurance,98.9,34.7,2026-04-22,completed,2024-12-05 16:00:13
goal-00732,user-0366,flexibility,5.0,1.6,2026-07-13,cancelled,2025-05-09 03:16:46
goal-00733,user-0366,weight_loss,86.1,90.9,2026-09-08,cancelled,2025-03-13 20:33:20
goal-00734,user-0367,flexibility,15.3,9.2,2025-11-07,completed,2025-05-09 08:50:36
goal-00735,user-0368,weight_loss,76.7,49.5,2026-06-25,cancelled,2025-09-27 09:38:12
goal-00736,user-0368,general_health,38.0,42.8,2025-11-18,cancelled,2025-08-26 12:10:36
goal-00737,user-0368,general_health,24.9,21.2,2026-07-26,active,2025-09-21 01:42:00
goal-00738,user-0369,flexibility,90.3,70.3,2026-09-05,active,2024-12-28 18:25:52
goal-00739,user-0369,weight_loss,80.7,55.2,2025-11-21,cancelled,2024-11-02 08:02:10
goal-00740,user-0369,muscle_gain,67.0,35.7,2026-10-20,completed,2025-09-28 15:46:26
goal-00741,user-0370,weight_loss,84.0,51.4,2026-06-19,cancelled,2024-12-19 04:00:19
goal-00742,user-0370,general_health,63.2,20.5,2025-11-10,active,2025-04-19 23:33:34
goal-00743,user-0370,endurance,89.2,77.0,2026-06-14,cancelled,2025-06-28 20:37:51
goal-00744,user-0371,general_health,55.7,39.5,2026-03-07,cancelled,2025-03-07 17:47:47
goal-00745,user-0371,endurance,99.4,78.2,2026-04-19,active,2025-08-23 12:30:47
goal-00746,user-0372,muscle_gain,67.0,28.2,2026-09-19,active,2025-06-05 07:52:19
goal-00747,user-0372,weight_loss,52.8,55.6,2026-04-10,cancelled,2025-10-03 09:59:46
goal-00748,user-0373,general_health,82.0,64.6,2025-12-16,completed,2025-04-07 14:34:30
goal-00749,user-0373,endurance,32.3,27.5,2026-10-02,completed,2025-03-08 00:16:54
goal-00750,user-0373,muscle_gain,89.8,34.8,2026-09-29,completed,2025-08-15 06:05:56
goal-00751,user-0374,flexibility,10.2,10.5,2025-10-30,completed,2025-04-30 15:57:54
goal-00752,user-0374,endurance,68.0,50.2,2026-01-12,active,2025-04-08 14:17:35
goal-00753,user-0375,endurance,80.0,81.6,2026-02-23,completed,2025-02-24 19:01:02
goal-00754,user-0375,flexibility,93.6,43.8,2026-10-12,cancelled,2025-03-11 06:38:48
goal-00755,user-0376,muscle_gain,77.1,42.4,2026-08-12,completed,2025-03-11 03:44:02
goal-00756,user-0376,general_health,12.3,13.5,2026-03-31,completed,2025-05-10 17:35:21
goal-00757,user-0376,endurance,31.9,19.2,2025-11-01,completed,2025-06-07 19:34:46
goal-00758,user-0377,flexibility,55.6,59.0,2026-02-03,active,2025-06-03 09:00:43
goal-00759,user-0378,general_health,6.5,5.1,2026-02-11,completed,2024-11-03 01:20:51
goal-00760,user-0379,endurance,57.7,52.2,2026-04-29,completed,2025-04-22 00:42:14
goal-00761,user-0380,flexibility,79.9,35.1,2026-06-22,completed,2025-04-05 10:09:36
goal-00762,user-0380,endurance,40.1,40.2,2026-06-13,active,2025-09-24 07:41:32
goal-00763,user-0381,general_health,21.7,20.6,2025-11-05,active,2025-09-02 01:32:52
goal-00764,user-0382,weight_loss,67.2,58.5,2026-08-01,cancelled,2024-11-13 06:46:14
goal-00765,user-0382,flexibility,12.1,7.8,2026-03-03,active,2025-01-23 03:07:17
goal-00766,user-0383,general_health,91.1,56.1,2026-07-18,completed,2025-03-26 01:24:18
goal-00767,user-0383,weight_loss,86.8,65.9,2026-07-15,active,2024-12-05 08:09:48
goal-00768,user-0383,general_health,97.5,64.6,2026-03-16,active,2025-01-18 02:01:24
goal-00769,user-0384,muscle_gain,91.0,87.6,2026-07-05,cancelled,2025-01-25 10:48:00
goal-00770,user-0384,general_health,45.6,49.0,2026-08-01,cancelled,2025-06-17 10:02:56
goal-00771,user-0385,muscle_gain,78.4,37.8,2025-12-22,cancelled,2025-04-12 19:23:24
goal-00772,user-0385,weight_loss,78.1,37.4,2026-08-14,active,2025-06-13 20:56:44
goal-00773,user-0386,general_health,51.1,51.1,2026-04-30,active,2025-01-04 18:33:26
goal-00774,user-0386,muscle_gain,87.5,78.7,2026-09-22,active,2025-10-05 04:26:17
goal-00775,user-0386,muscle_gain,99.6,97.8,2026-01-13,cancelled,2025-08-31 00:02:39
goal-00776,user-0387,muscle_gain,88.3,70.0,2026-09-06,cancelled,2025-02-21 03:47:40
goal-00777,user-0388,flexibility,3.7,1.8,2026-07-06,cancelled,2025-05-05 17:43:37
goal-00778,user-0389,endurance,93.3,73.8,2026-09-17,cancelled,2024-11-29 09:58:53
goal-00779,user-0389,endurance,21.0,16.2,2026-03-14,completed,2025-08-28 00:03:32
goal-00780,user-0389,muscle_gain,84.8,76.3,2025-12-20,cancelled,2025-03-03 08:27:58
goal-00781,user-0390,endurance,14.8,15.5,2026-09-13,active,2024-12-10 14:21:57
goal-00782,user-0390,muscle_gain,63.4,47.0,2026-09-21,cancelled,2025-07-15 17:55:20
goal-00783,user-0391,muscle_gain,93.5,66.4,2026-02-19,cancelled,2025-05-08 07:31:17
goal-00784,user-0392,general_health,61.1,65.1,2026-06-12,completed,2025-07-02 08:56:43
goal-00785,user-0393,endurance,12.1,14.5,2025-12-29,cancelled,2025-01-09 13:43:00
goal-00786,user-0393,endurance,68.1,28.3,2026-09-16,active,2025-03-27 05:06:14
goal-00787,user-0393,muscle_gain,74.1,76.5,2026-05-03,active,2025-05-01 15:21:57
goal-00788,user-0394,endurance,59.1,65.5,2026-01-15,cancelled,2025-01-09 20:54:36
goal-00789,user-0394,general_health,32.7,10.2,2026-06-25,cancelled,2025-08-21 15:34:45
goal-00790,user-0394,flexibility,99.3,81.6,2026-06-30,active,2025-10-12 07:47:19
goal-00791,user-0395,endurance,59.6,62.4,2026-10-07,active,2025-06-09 21:18:43
goal-00792,user-0395,muscle_gain,64.4,75.7,2026-05-31,cancelled,2025-02-28 08:34:40
goal-00793,user-0396,weight_loss,68.1,53.3,2026-03-11,cancelled,2025-01-16 18:54:40
goal-00794,user-0396,endurance,20.0,13.9,2026-03-22,completed,2025-06-13 16:53:20
goal-00795,user-0397,muscle_gain,80.9,45.4,2025-12-23,completed,2025-03-01 17:59:39
goal-00796,user-0397,flexibility,95.6,62.9,2025-11-24,cancelled,2025-01-02 21:10:48
goal-00797,user-0398,muscle_gain,75.2,25.3,2025-11-28,completed,2025-07-17 01:37:07
goal-00798,user-0398,weight_loss,90.0,73.6,2026-06-30,active,2025-07-13 00:56:21
goal-00799,user-0399,muscle_gain,95.5,93.2,2026-04-17,active,2025-10-18 15:59:07
goal-00800,user-0399,general_health,48.1,30.6,2026-08-31,active,2025-03-10 08:45:43
goal-00801,user-0399,flexibility,44.3,23.8,2025-12-15,cancelled,2025-01-24 15:56:07
goal-00802,user-0400,general_health,50.8,42.3,2026-04-08,completed,2025-07-31 10:37:40
goal-00803,user-0400,muscle_gain,78.0,61.4,2026-02-20,active,2025-08-08 11:01:52
goal-00804,user-0401,endurance,49.3,31.2,2026-03-11,active,2025-02-14 14:47:32
goal-00805,user-0402,flexibility,16.5,17.8,2026-04-16,cancelled,2024-12-25 02:20:03
goal-00806,user-0402,endurance,98.4,44.9,2026-10-08,active,2025-06-13 14:29:26
goal-00807,user-0402,general_health,14.5,6.3,2026-06-03,cancelled,2025-02-03 06:18:46
goal-00808,user-0403,weight_loss,87.4,31.7,2026-07-31,cancelled,2025-09-30 17:56:53
goal-00809,user-0404,endurance,66.8,36.6,2026-08-10,cancelled,2025-01-12 15:18:41
goal-00810,user-0405,flexibility,56.0,31.2,2026-07-21,completed,2025-01-16 14:13:34
goal-00811,user-0405,muscle_gain,86.2,55.0,2025-10-27,active,2025-10-20 00:13:52
goal-00812,user-0406,general_health,55.3,43.8,2026-01-25,active,2024-10-26 08:41:03
goal-00813,user-0406,muscle_gain,83.3,81.8,2026-08-14,cancelled,2025-08-26 19:00:06
goal-00814,user-0406,endurance,69.0,34.6,2026-02-01,active,2025-07-12 19:57:03
goal-00815,user-0407,endurance,57.5,23.4,2025-12-27,cancelled,2025-10-25 05:48:06
goal-00816,user-0407,weight_loss,58.7,23.4,2026-08-28,active,2024-11-25 22:40:00
goal-00817,user-0407,weight_loss,50.5,19.6,2026-09-07,active,2025-02-12 23:28:02
goal-00818,user-0408,muscle_gain,90.0,56.2,2026-07-28,completed,2025-04-30 01:29:47
goal-00819,user-0409,flexibility,98.1,103.2,2026-08-24,cancelled,2025-04-27 05:10:48
goal-00820,user-0410,general_health,43.0,41.0,2026-04-04,completed,2025-06-24 01:00:55
goal-00821,user-0410,general_health,13.6,11.1,2026-04-13,active,2025-07-01 18:53:00
goal-00822,user-0411,flexibility,90.6,33.9,2025-12-23,active,2025-05-30 02:02:32
goal-00823,user-0411,flexibility,26.5,22.0,2026-09-09,cancelled,2025-07-11 08:50:13
goal-00824,user-0412,muscle_gain,70.1,60.8,2026-04-18,active,2025-04-16 20:53:55
goal-00825,user-0413,muscle_gain,76.3,77.2,2026-01-04,active,2025-01-28 08:26:00
goal-00826,user-0413,muscle_gain,93.7,108.9,2026-01-24,completed,2024-12-18 09:15:07
goal-00827,user-0414,flexibility,22.4,10.7,2026-10-23,cancelled,2025-09-17 06:07:04
goal-00828,user-0414,flexibility,78.4,74.7,2026-03-28,active,2025-08-25 11:47:17
goal-00829,user-0415,muscle_gain,69.2,53.2,2026-05-14,cancelled,2025-01-31 15:27:26
goal-00830,user-0415,muscle_gain,68.3,44.0,2026-07-08,cancelled,2025-08-14 09:30:30
goal-00831,user-0415,endurance,62.8,40.9,2026-02-18,active,2025-01-20 04:45:35
goal-00832,user-0416,flexibility,1.3,0.7,2026-04-09,cancelled,2025-06-01 22:18:20
goal-00833,user-0416,muscle_gain,84.3,82.4,2026-09-29,active,2025-05-15 16:52:58
goal-00834,user-0417,flexibility,38.0,12.8,2026-10-14,cancelled,2025-07-07 03:40:15
goal-00835,user-0418,weight_loss,54.5,37.1,2026-06-02,cancelled,2025-04-22 11:38:42
goal-00836,user-0418,muscle_gain,84.8,96.8,2026-08-11,completed,2025-10-01 04:12:16
goal-00837,user-0418,flexibility,61.7,64.0,2025-12-11,active,2024-10-27 23:39:22
goal-00838,user-0419,muscle_gain,76.8,42.4,2026-02-06,active,2025-07-01 03:47:56
goal-00839,user-0419,endurance,76.0,83.7,2026-05-22,active,2025-07-31 11:59:28
goal-00840,user-0420,flexibility,66.8,47.9,2026-02-20,completed,2025-02-09 12:27:33
goal-00841,user-0421,endurance,1.6,1.2,2026-09-08,completed,2025-04-02 06:48:49
goal-00842,user-0421,general_health,78.4,66.7,2026-08-13,active,2025-09-28 07:34:28
goal-00843,user-0421,flexibility,12.8,12.8,2026-08-07,active,2024-11-05 15:54:50
goal-00844,user-0422,flexibility,89.7,94.3,2026-07-09,active,2025-01-01 15:21:54
goal-00845,user-0422,flexibility,79.8,64.0,2026-01-17,cancelled,2025-09-01 14:37:59
goal-00846,user-0422,muscle_gain,89.1,79.3,2025-11-13,cancelled,2025-02-07 19:44:34
goal-00847,user-0423,endurance,39.8,19.5,2025-11-20,active,2025-10-05 23:42:16
goal-00848,user-0423,muscle_gain,93.5,78.7,2026-03-25,cancelled,2025-04-04 03:48:28
goal-00849,user-0423,endurance,40.6,16.6,2025-10-31,cancelled,2025-09-05 14:17:29
goal-00850,user-0424,weight_loss,58.0,33.9,2026-01-05,completed,2025-04-02 19:53:58
goal-00851,user-0424,muscle_gain,75.9,31.1,2026-02-06,cancelled,2025-05-17 10:55:14
goal-00852,user-0425,endurance,52.2,19.1,2026-07-03,active,2024-11-23 10:20:55
goal-00853,user-0425,weight_loss,88.2,79.2,2026-03-30,completed,2025-05-22 09:47:26
goal-00854,user-0426,flexibility,8.5,9.2,2026-02-10,completed,2025-01-06 10:06:05
goal-00855,user-0426,endurance,16.5,14.3,2025-11-03,active,2025-09-30 18:48:31
goal-00856,user-0426,endurance,22.0,19.8,2026-03-08,active,2025-04-23 13:04:08
goal-00857,user-0427,general_health,31.8,33.9,2026-09-03,active,2024-12-06 08:47:10
goal-00858,user-0428,muscle_gain,63.4,42.9,2026-05-05,completed,2024-11-27 19:25:33
goal-00859,user-0428,weight_loss,87.9,41.7,2025-10-30,cancelled,2025-08-16 12:12:06
goal-00860,user-0428,weight_loss,71.0,37.9,2025-11-03,cancelled,2025-02-07 17:36:16
goal-00861,user-0429,general_health,63.4,56.8,2026-09-18,active,2025-10-02 02:52:37
goal-00862,user-0429,endurance,90.1,27.9,2026-07-14,active,2024-11-05 18:07:36
goal-00863,user-0430,weight_loss,56.4,29.3,2026-01-21,completed,2025-08-06 08:00:51
goal-00864,user-0430,muscle_gain,92.4,91.1,2026-01-17,active,2025-08-08 11:25:39
goal-00865,user-0430,flexibility,72.9,26.7,2026-02-15,completed,2025-07-21 22:16:07
goal-00866,user-0431,weight_loss,85.8,68.7,2025-12-11,cancelled,2025-10-01 04:08:22
goal-00867,user-0432,muscle_gain,97.6,98.9,2025-10-26,active,2024-11-24 16:48:59
goal-00868,user-0432,flexibility,92.1,32.8,2025-11-18,active,2025-09-17 08:29:02
goal-00869,user-0432,weight_loss,87.0,51.1,2026-01-16,active,2025-09-02 03:29:43
goal-00870,user-0433,muscle_gain,80.8,52.3,2026-02-12,active,2025-09-02 04:37:15
goal-00871,user-0433,general_health,33.8,17.9,2026-03-21,completed,2025-10-24 01:17:46
goal-00872,user-0433,flexibility,80.7,25.0,2025-11-05,active,2025-06-07 02:24:08
goal-00873,user-0434,flexibility,63.5,47.2,2026-02-08,completed,2025-08-19 14:02:56
goal-00874,user-0434,weight_loss,57.2,60.8,2026-05-08,completed,2025-10-21 01:15:34
goal-00875,user-0434,weight_loss,58.9,45.9,2026-02-25,cancelled,2025-04-29 22:17:42
goal-00876,user-0435,flexibility,67.2,48.0,2026-01-28,active,2025-01-11 15:59:01
goal-00877,user-0435,muscle_gain,61.3,41.4,2026-03-02,completed,2024-12-27 23:58:15
goal-00878,user-0436,muscle_gain,75.6,64.0,2025-11-28,cancelled,2025-02-08 15:31:42
goal-00879,user-0436,muscle_gain,79.8,87.6,2026-03-16,completed,2025-10-19 08:57:20
goal-00880,user-0436,general_health,80.6,76.0,2026-02-09,active,2024-11-05 08:56:46
goal-00881,user-0437,endurance,3.7,3.7,2026-08-08,completed,2025-09-03 00:33:22
goal-00882,user-0437,general_health,12.5,9.2,2026-04-20,cancelled,2025-06-11 08:47:16
goal-00883,user-0438,general_health,1.7,0.9,2026-02-28,cancelled,2025-03-11 10:47:16
goal-00884,user-0439,weight_loss,71.3,31.7,2026-06-30,cancelled,2025-07-10 05:13:03
goal-00885,user-0440,flexibility,60.1,60.9,2026-05-18,active,2025-04-24 16:54:54
goal-00886,user-0440,flexibility,17.9,15.9,2026-03-20,active,2025-06-10 18:49:04
goal-00887,user-0441,flexibility,59.2,64.2,2026-05-25,cancelled,2025-01-01 12:14:55
goal-00888,user-0442,muscle_gain,85.2,41.4,2026-01-13,cancelled,2025-05-02 22:00:30
goal-00889,user-0443,weight_loss,65.7,51.1,2026-01-19,cancelled,2025-02-11 19:44:20
goal-00890,user-0443,endurance,64.2,29.1,2026-09-02,active,2024-11-14 23:59:39
goal-00891,user-0444,general_health,92.4,108.5,2025-12-30,cancelled,2025-10-12 05:17:43
goal-00892,user-0444,general_health,63.5,39.5,2026-02-15,cancelled,2024-11-27 23:53:44
goal-00893,user-0445,weight_loss,55.8,55.5,2025-12-15,cancelled,2025-10-03 23:26:53
goal-00894,user-0445,weight_loss,70.3,57.1,2025-11-21,active,2025-05-13 21:42:15
goal-00895,user-0446,general_health,49.4,44.1,2026-07-20,cancelled,2025-03-29 15:23:28
goal-00896,user-0446,flexibility,52.4,19.0,2026-08-15,active,2025-02-01 07:04:08
goal-00897,user-0447,endurance,80.1,58.5,2026-04-17,cancelled,2025-08-13 14:03:51
goal-00898,user-0448,weight_loss,62.8,40.0,2026-07-28,active,2024-11-06 22:41:49
goal-00899,user-0448,muscle_gain,76.0,68.3,2026-06-23,cancelled,2025-03-09 16:10:04
goal-00900,user-0449,muscle_gain,67.6,59.9,2025-12-22,active,2025-04-24 20:01:55
goal-00901,user-0449,general_health,97.0,98.5,2025-10-29,completed,2025-07-17 11:06:56
goal-00902,user-0450,weight_loss,79.8,80.9,2026-03-10,cancelled,2025-05-17 13:41:48
goal-00903,user-0450,flexibility,22.8,25.3,2025-10-30,completed,2025-03-10 05:18:51
goal-00904,user-0451,flexibility,64.0,23.4,2026-01-28,cancelled,2024-12-08 10:15:44
goal-00905,user-0451,weight_loss,83.5,47.3,2025-12-01,cancelled,2025-04-28 00:10:21
goal-00906,user-0452,weight_loss,82.7,43.0,2026-10-01,active,2024-11-14 00:40:44
goal-00907,user-0453,general_health,61.8,49.0,2026-03-23,active,2024-11-30 01:25:58
goal-00908,user-0454,general_health,57.1,66.8,2026-01-06,completed,2025-02-09 00:12:32
goal-00909,user-0454,flexibility,91.9,94.2,2026-01-20,completed,2025-04-07 08:04:37
goal-00910,user-0454,weight_loss,55.8,40.6,2026-05-15,cancelled,2025-01-10 20:44:53
goal-00911,user-0455,endurance,33.0,33.6,2026-01-26,cancelled,2025-09-17 23:07:57
goal-00912,user-0455,weight_loss,53.0,47.1,2026-09-28,active,2025-09-06 04:33:27
goal-00913,user-0456,muscle_gain,68.6,49.5,2026-10-11,completed,2025-10-04 11:45:48
goal-00914,user-0457,flexibility,33.8,23.5,2026-09-01,completed,2025-05-06 18:11:15
goal-00915,user-0458,muscle_gain,66.7,24.1,2026-05-21,cancelled,2024-10-28 02:12:23
goal-00916,user-0459,muscle_gain,79.1,76.5,2026-02-08,completed,2025-05-18 13:39:40
goal-00917,user-0459,endurance,10.7,10.4,2025-12-18,active,2025-08-15 23:47:51
goal-00918,user-0460,flexibility,45.1,40.2,2026-02-04,active,2025-01-10 19:16:20
goal-00919,user-0461,muscle_gain,99.1,75.9,2026-07-11,active,2025-09-06 22:48:02
goal-00920,user-0461,flexibility,17.0,6.0,2025-11-07,cancelled,2024-11-24 08:17:17
goal-00921,user-0461,weight_loss,55.2,41.8,2026-01-16,completed,2024-11-18 05:01:36
goal-00922,user-0462,muscle_gain,93.8,89.4,2026-06-20,completed,2025-04-15 02:55:07
goal-00923,user-0462,weight_loss,78.6,76.9,2026-04-30,active,2024-11-12 14:09:45
goal-00924,user-0463,flexibility,15.0,17.7,2026-10-02,active,2025-04-25 15:22:32
goal-00925,user-0464,endurance,97.3,92.1,2025-12-05,active,2025-03-09 22:41:12
goal-00926,user-0465,endurance,19.0,9.2,2025-10-27,active,2025-10-03 18:02:35
goal-00927,user-0465,weight_loss,83.7,43.0,2025-12-23,cancelled,2025-07-30 19:42:05
goal-00928,user-0465,general_health,3.7,3.7,2026-07-17,completed,2025-09-14 02:37:23
goal-00929,user-0466,weight_loss,62.6,41.7,2026-10-24,active,2025-10-09 18:49:19
goal-00930,user-0466,muscle_gain,78.4,92.5,2026-03-03,completed,2025-08-27 21:40:17
goal-00931,user-0466,endurance,31.6,26.1,2026-09-11,cancelled,2025-08-27 22:45:57
goal-00932,user-0467,flexibility,43.5,25.0,2026-08-22,active,2025-06-22 15:38:43
goal-00933,user-0468,flexibility,33.3,17.8,2026-10-21,cancelled,2025-08-13 23:32:54
goal-00934,user-0469,muscle_gain,63.4,28.3,2026-08-03,cancelled,2025-02-20 21:31:25
goal-00935,user-0469,weight_loss,69.4,52.0,2026-03-12,cancelled,2024-12-01 05:17:28
goal-00936,user-0470,endurance,10.2,6.3,2026-03-24,completed,2025-07-16 12:04:34
goal-00937,user-0470,weight_loss,53.9,48.4,2026-03-26,completed,2025-08-20 07:26:04
goal-00938,user-0470,weight_loss,53.0,58.6,2026-09-02,active,2024-12-25 06:19:13
goal-00939,user-0471,flexibility,55.5,66.1,2026-03-24,cancelled,2025-01-09 07:50:52
goal-00940,user-0471,flexibility,71.6,39.4,2026-04-27,cancelled,2025-10-03 11:08:40
goal-00941,user-0471,general_health,10.7,7.2,2026-01-23,active,2025-01-29 17:57:30
goal-00942,user-0472,muscle_gain,85.4,84.2,2025-11-22,completed,2025-06-20 13:28:29
goal-00943,user-0472,weight_loss,70.8,35.3,2026-08-05,cancelled,2025-06-07 18:13:30
goal-00944,user-0473,general_health,76.5,54.9,2026-01-30,completed,2025-03-24 23:52:30
goal-00945,user-0473,general_health,35.2,27.1,2026-05-29,active,2024-11-13 14:56:17
goal-00946,user-0474,flexibility,3.1,2.4,2026-04-11,cancelled,2025-10-13 00:34:43
goal-00947,user-0474,weight_loss,89.6,69.7,2025-11-13,completed,2025-05-13 09:57:56
goal-00948,user-0474,general_health,60.9,21.0,2026-04-01,completed,2024-12-26 12:03:08
goal-00949,user-0475,flexibility,11.0,7.5,2026-03-28,cancelled,2025-06-13 11:51:38
goal-00950,user-0475,general_health,98.5,117.1,2026-05-24,cancelled,2025-09-10 22:33:22
goal-00951,user-0476,flexibility,70.3,48.8,2026-09-23,completed,2025-05-22 02:20:17
goal-00952,user-0476,weight_loss,61.6,43.2,2026-09-11,cancelled,2025-10-05 10:53:55
goal-00953,user-0477,general_health,60.3,62.8,2026-03-16,cancelled,2025-03-28 23:03:50
goal-00954,user-0477,endurance,5.1,5.9,2026-10-09,active,2025-06-06 16:15:05
goal-00955,user-0478,endurance,39.9,18.1,2026-02-22,active,2025-04-11 17:23:57
goal-00956,user-0478,general_health,5.4,4.0,2026-01-25,cancelled,2024-12-25 01:50:42
goal-00957,user-0478,muscle_gain,99.0,87.9,2026-06-23,cancelled,2025-09-19 23:58:07
goal-00958,user-0479,endurance,19.8,18.4,2026-07-18,active,2025-07-06 15:34:57
goal-00959,user-0479,general_health,72.8,43.1,2026-09-24,active,2025-03-22 14:44:13
goal-00960,user-0480,weight_loss,87.1,71.3,2026-01-17,completed,2025-06-10 17:12:02
goal-00961,user-0481,endurance,85.4,76.7,2026-04-15,cancelled,2025-04-25 20:46:02
goal-00962,user-0482,muscle_gain,80.6,79.1,2025-11-21,completed,2025-03-11 14:14:50
goal-00963,user-0482,general_health,7.1,6.6,2026-01-23,cancelled,2025-01-02 10:40:22
goal-00964,user-0483,general_health,67.3,24.1,2026-05-22,active,2025-03-01 05:00:04
goal-00965,user-0484,muscle_gain,87.3,60.6,2026-03-09,cancelled,2025-05-09 14:57:19
goal-00966,user-0484,endurance,10.6,7.3,2026-08-08,active,2025-08-29 03:21:58
goal-00967,user-0484,general_health,90.7,94.3,2026-05-05,active,2025-03-12 20:48:42
goal-00968,user-0485,general_health,21.7,22.6,2026-08-07,cancelled,2025-07-19 08:50:29
goal-00969,user-0486,general_health,60.8,31.6,2026-06-27,cancelled,2025-03-09 11:05:38
goal-00970,user-0487,endurance,16.9,5.8,2026-01-07,completed,2025-08-20 04:09:28
goal-00971,user-0487,endurance,97.0,112.3,2026-10-23,active,2025-04-17 15:23:25
goal-00972,user-0488,endurance,70.8,22.0,2025-11-23,active,2025-08-26 11:20:36
goal-00973,user-0488,general_health,93.6,73.8,2025-12-27,cancelled,2024-11-05 09:05:33
goal-00974,user-0489,weight_loss,67.5,32.2,2026-03-19,completed,2025-10-02 05:28:04
goal-00975,user-0490,weight_loss,80.9,91.3,2025-11-26,active,2025-01-22 12:16:34
goal-00976,user-0491,flexibility,71.0,85.1,2026-06-29,active,2025-07-08 06:02:16
goal-00977,user-0491,endurance,90.9,45.4,2026-07-11,completed,2025-01-14 12:17:19
goal-00978,user-0491,muscle_gain,71.7,43.6,2026-06-12,completed,2025-09-22 05:46:16
goal-00979,user-0492,endurance,70.5,80.2,2026-02-11,cancelled,2025-03-18 15:21:32
goal-00980,user-0492,weight_loss,57.8,49.7,2025-12-05,active,2025-07-28 23:16:49
goal-00981,user-0493,general_health,20.8,18.7,2026-02-03,cancelled,2025-10-20 21:55:12
goal-00982,user-0493,endurance,75.4,42.6,2026-03-03,completed,2025-07-27 21:37:53
goal-00983,user-0494,muscle_gain,92.8,81.5,2026-05-20,completed,2025-10-17 14:49:48
goal-00984,user-0494,weight_loss,70.3,70.5,2026-02-26,active,2025-04-08 14:19:26
goal-00985,user-0495,weight_loss,67.4,74.1,2026-10-10,completed,2025-07-17 02:39:56
goal-00986,user-0495,flexibility,9.2,10.3,2025-11-27,completed,2024-11-20 20:57:37
goal-00987,user-0496,muscle_gain,85.8,87.9,2025-12-04,cancelled,2024-11-02 07:05:30
goal-00988,user-0496,general_health,41.6,33.6,2026-01-11,cancelled,2024-12-17 02:41:33
goal-00989,user-0496,general_health,94.5,66.8,2026-05-09,cancelled,2025-03-21 10:29:56
goal-00990,user-0497,general_health,9.2,7.0,2025-12-28,completed,2025-06-06 03:36:37
goal-00991,user-0497,flexibility,9.9,8.4,2026-04-19,active,2025-04-28 13:53:50
goal-00992,user-0498,flexibility,9.3,4.7,2026-01-03,active,2025-03-18 17:29:25
goal-00993,user-0498,flexibility,30.5,30.3,2025-12-28,completed,2025-10-08 15:30:55
goal-00994,user-0498,endurance,35.4,27.1,2026-07-04,cancelled,2025-04-26 18:59:21
goal-00995,user-0499,endurance,34.1,24.5,2026-07-29,cancelled,2025-06-29 04:18:58
goal-00996,user-0500,general_health,5.4,5.6,2026-03-08,active,2025-04-16 18:09:37
goal-00997,user-0500,general_health,31.9,24.9,2026-05-29,cancelled,2025-09-25 02:55:50
