user_id,name,email,age,gender,height_cm,created_at
user-0001,Albert Bowman,danielherrera@example.com,65,Female,163.6,2024-06-26 23:53:47
user-0002,Brian Herrera,amanda38@example.com,48,Male,186.6,2024-09-19 20:40:20
user-0003,Michael Smith Jr.,melissamorris@example.com,52,Female,185.8,2024-02-03 23:10:03
user-0004,Bethany Garner,crossstephanie@example.com,38,Female,184.1,2023-11-19 02:37:38
user-0005,Kelly Patterson,davidwhite@example.org,43,Female,178.1,2024-03-26 12:56:50
user-0006,Robert Warren,gmejia@example.org,41,Male,161.3,2025-06-10 22:01:34
user-0007,Bill Solis,allensara@example.org,56,Female,170.1,2024-03-05 15:14:29
user-0008,Howard Lopez,raymondzavala@example.com,60,Female,187.3,2025-07-08 08:12:45
user-0009,Ryan Lucas,ryan98@example.com,39,Male,157.0,2024-12-24 19:37:01
user-0010,Anthony Brown,valdezjessica@example.com,50,Female,155.4,2023-11-21 01:08:03
user-0011,Kara Gibbs,thomashernandez@example.com,44,Male,156.0,2024-05-20 12:19:43
user-0012,John Tyler,christinacollins@example.org,50,Female,173.3,2024-05-31 06:37:41
user-0013,Norma Underwood,lammary@example.org,53,Male,173.4,2025-07-04 22:19:48
user-0014,Tommy Mercado,daniellecortez@example.com,56,Female,151.3,2024-06-29 06:08:26
user-0015,Peggy Smith,roysmith@example.com,70,Male,152.0,2024-09-08 16:15:32
user-0016,Michael Duke,kimryan@example.net,25,Female,175.3,2025-07-29 10:46:44
user-0017,Russell Cooper,oliverwilliam@example.com,50,Female,177.1,2025-10-05 21:13:33
user-0018,Steven Brown,ryaneverett@example.com,27,Female,154.1,2024-10-31 08:47:10
user-0019,Christina Powell,williamsmith@example.net,44,Male,167.9,2024-04-18 18:24:15
user-0020,Kevin Watts,yanderson@example.com,47,Male,184.6,2024-04-03 09:15:49
user-0021,Brandy Clark,wandablack@example.com,22,Male,172.9,2025-10-23 13:53:29
user-0022,Ryan Shea,michaelrobinson@example.com,69,Male,152.9,2024-07-08 19:50:33
user-0023,Donna Robles,ttran@example.com,34,Male,175.9,2024-04-27 12:41:17
user-0024,Nicole Mcdowell,hhenry@example.org,23,Male,164.4,2023-11-16 21:13:11
user-0025,Michael Jones,oburton@example.com,65,Male,157.8,2024-08-12 03:31:19
user-0026,Charles Oneal,bochoa@example.net,26,Male,179.5,2025-08-30 10:12:06
user-0027,Jason Johnston,alyssaponce@example.com,68,Female,183.8,2024-03-14 10:59:41
user-0028,Ashlee Allen,gloria11@example.org,25,Female,184.8,2025-03-04 18:07:41
user-0029,Richard Martin,jessicadecker@example.net,62,Male,178.3,2024-11-02 08:51:50
user-0030,Hannah Watkins,morenorenee@example.com,32,Male,163.3,2024-12-04 00:19:44
user-0031,Debra Rodriguez,brenda98@example.net,31,Female,175.4,2025-07-31 01:02:18
user-0032,Matthew Rogers,dthompson@example.net,26,Male,186.4,2025-10-13 02:27:25
user-0033,Tara Walker,jackiechavez@example.net,37,Male,164.3,2024-07-06 18:56:43
user-0034,Patricia Myers,ureyes@example.com,42,Male,181.4,2024-08-06 01:11:54
user-0035,Patricia Dixon,mariaallen@example.org,70,Male,174.9,2025-09-24 03:15:42
user-0036,Andrew Phillips,berrycorey@example.net,24,Female,159.4,2023-12-22 06:06:55
user-0037,Robert Richardson,heather95@example.org,60,Male,164.5,2025-09-11 14:04:26
user-0038,Andrea Meyer,raymond25@example.com,36,Male,162.3,2025-06-07 04:23:41
user-0039,Diane Santos,ywilson@example.org,29,Male,163.5,2024-01-17 12:30:20
user-0040,Michelle Shannon,pamela10@example.net,21,Female,183.8,2024-01-25 19:39:14
user-0041,Elizabeth Gonzalez,vpena@example.org,18,Male,153.9,2024-06-08 07:12:09
user-0042,Ronald Jones,stephenwarren@example.net,38,Male,158.4,2024-03-14 12:54:49
user-0043,Brett Thomas,aprilwilliams@example.org,60,Female,159.9,2024-07-27 14:15:15
user-0044,Julie Whitehead,russellcummings@example.net,40,Male,171.0,2024-05-06 05:27:56
user-0045,Mark Boyd,kdixon@example.net,28,Male,189.6,2024-11-01 07:04:07
user-0046,Yvette Munoz,martinharold@example.net,69,Female,182.7,2023-12-10 14:31:44
user-0047,Sarah Welch,charles17@example.org,47,Male,178.5,2024-12-07 13:01:20
user-0048,Tanya Wheeler,ryantorres@example.net,44,Male,171.8,2024-02-17 16:51:28
user-0049,Marcus Higgins,maria19@example.org,43,Female,170.5,2024-03-29 21:01:01
user-0050,Benjamin Morris,deanrobert@example.com,50,Female,153.1,2025-04-09 18:35:17
user-0051,Daniel Gregory,kevin25@example.org,40,Male,153.6,2025-03-09 08:01:01
user-0052,Dr. Luis Medina,reginadrake@example.com,24,Female,160.4,2024-03-17 00:30:12
user-0053,Zachary Lawson,wolfechristina@example.net,41,Male,179.8,2025-09-14 00:20:01
user-0054,Jill Dominguez,gibsonmichelle@example.com,69,Female,164.6,2024-09-16 14:27:29
user-0055,Dennis Roy,tinaadams@example.com,58,Female,178.8,2024-08-16 06:55:16
user-0056,Oscar Clark,bryan03@example.com,22,Male,158.1,2025-05-05 02:59:38
user-0057,Jose Ortiz,tannermarc@example.org,68,Female,152.8,2024-04-12 16:01:17
user-0058,Kelly Suarez,matthew83@example.com,39,Female,168.4,2025-08-12 13:44:32
user-0059,Lisa French,lukejones@example.net,20,Female,174.3,2024-10-20 16:53:52
user-0060,Melissa Mendoza,mccartyandrew@example.org,66,Female,158.1,2024-06-22 08:35:38
user-0061,Jessica Nunez,davidrodriguez@example.org,35,Female,177.5,2025-09-29 12:18:13
user-0062,Angela Patel,smithholly@example.com,59,Female,174.6,2025-09-12 18:39:05
user-0063,James Coleman,cochranwhitney@example.org,63,Male,151.2,2025-06-12 12:20:34
user-0064,Melissa Bates,morgangreene@example.com,28,Female,189.0,2025-10-21 05:17:17
user-0065,Mark Boone,oliverthomas@example.com,43,Female,159.0,2025-07-20 10:40:53
user-0066,Jeremy Moore,cynthiajones@example.com,62,Male,178.8,2024-09-23 03:22:41
user-0067,Laura Adams,brodriguez@example.org,55,Female,176.3,2025-08-26 16:54:06
user-0068,Justin Gutierrez,cbender@example.com,32,Female,179.9,2024-08-06 06:12:36
user-0069,James Cross,katierichards@example.org,53,Male,185.5,2024-10-30 03:34:54
user-0070,Amber Moody,julie03@example.org,56,Male,154.4,2024-04-07 14:31:49
user-0071,Julia Edwards,anthonycoleman@example.com,47,Female,176.8,2024-07-17 07:16:23
user-0072,Francis Sawyer,mooregina@example.net,58,Male,158.4,2023-12-28 09:04:43
user-0073,Jeffrey Wilson,ariel12@example.net,38,Female,158.0,2024-09-01 09:33:51
user-0074,Jesse Howard,ashleybrooke@example.net,25,Male,177.0,2025-01-16 11:49:00
user-0075,Bethany Kennedy,mmiller@example.org,58,Male,169.7,2025-04-28 09:11:27
user-0076,Sydney Taylor,aryan@example.net,34,Male,161.7,2024-07-09 00:59:08
user-0077,Garrett Boyle,paynepeter@example.net,23,Female,171.6,2024-12-20 15:03:47
user-0078,Tyler Harrington,rebecca75@example.net,48,Male,175.3,2024-07-11 03:34:36
user-0079,Melissa Carpenter,alvaradoerin@example.org,61,Female,153.9,2024-02-05 03:40:10
user-0080,Richard Campbell,justin95@example.com,57,Female,151.7,2024-06-08 17:33:24
user-0081,Kristina Dominguez,matthew05@example.net,57,Female,157.9,2025-04-14 17:13:31
user-0082,Robin Lee,evansdavid@example.net,68,Female,154.8,2025-09-25 09:31:59
user-0083,Sonya Conley,taylor73@example.org,42,Male,186.8,2024-02-28 14:56:41
user-0084,Margaret Roberts,millerkaren@example.com,50,Male,160.5,2024-07-04 10:24:32
user-0085,Lisa Harper,georgeingram@example.net,67,Female,176.2,2023-12-12 16:58:15
user-0086,Austin Reyes,pwilliamson@example.net,24,Male,187.8,2025-06-29 06:47:15
user-0087,Samuel Brennan,nguyencarrie@example.org,19,Male,169.3,2025-08-06 21:15:38
user-0088,Cheryl Gonzales,ryanemily@example.com,68,Male,167.9,2024-10-25 19:20:56
user-0089,Loretta Wright,johnsonsarah@example.net,21,Male,179.5,2024-12-23 21:48:47
user-0090,Jennifer Johnson,dianerodriguez@example.net,45,Male,170.0,2025-03-13 23:14:50
user-0091,Cynthia Mueller,douglas35@example.org,63,Female,153.2,2024-03-17 14:16:07
user-0092,Greg Duncan,fmaldonado@example.net,57,Male,182.6,2024-05-14 02:50:39
user-0093,Michael Harding,oharrison@example.com,70,Male,172.1,2024-02-02 18:45:57
user-0094,Wendy Mays,josephalvarez@example.net,53,Male,171.7,2024-01-18 12:45:25
user-0095,Mrs. Sherry Jones,marissa71@example.org,19,Female,168.0,2024-10-28 20:16:42
user-0096,Aaron Wilson,newtonaaron@example.com,58,Male,173.5,2025-04-03 23:11:41
user-0097,Anthony Hammond,mckinneynicole@example.net,52,Female,188.4,2023-12-03 01:12:14
user-0098,Kevin Johnson,amanda95@example.com,21,Female,187.8,2023-12-26 14:37:08
user-0099,Jon Mejia,smithjessica@example.net,55,Female,159.0,2023-11-29 04:52:00
user-0100,Anthony Rhodes,brittany33@example.org,20,Female,169.7,2024-10-23 23:40:09
user-0101,Zachary Trujillo,khorton@example.org,52,Male,185.5,2025-09-28 17:36:02
user-0102,Jack Edwards,patricia72@example.com,36,Male,150.1,2024-05-26 22:29:08
user-0103,Cynthia Jones,omartin@example.org,54,Female,154.9,2024-08-09 12:07:10
user-0104,Jason Duncan,dennisjenny@example.net,47,Female,185.9,2025-04-28 10:45:28
user-0105,Ashley Harrison,hodgetimothy@example.org,65,Female,170.5,2025-09-25 04:51:20
user-0106,Brittany Copeland,michael28@example.net,66,Male,157.3,2024-10-07 19:14:56
user-0107,Jessica Hawkins,tammy12@example.org,30,Male,188.8,2025-08-19 12:45:20
user-0108,Nicole King,johnjordan@example.org,43,Male,173.0,2025-05-04 09:13:35
user-0109,Nicole Chen,christopher59@example.net,63,Female,168.2,2024-10-23 19:54:18
user-0110,Jack Bennett,julie02@example.org,35,Female,151.1,2024-09-09 22:55:57
user-0111,Cody Roman,justin13@example.org,54,Female,183.5,2024-02-02 05:20:49
user-0112,Emily Daniels,wallvanessa@example.com,49,Female,185.9,2025-09-26 12:05:10
user-0113,Michael Mcguire,michelle11@example.org,22,Male,183.0,2025-06-27 01:48:39
user-0114,Colin Allen,elizabeth72@example.org,24,Female,162.0,2025-05-25 22:06:46
user-0115,Abigail Davis,randy53@example.com,32,Male,155.1,2025-05-12 13:37:04
user-0116,Zachary Wheeler Jr.,ustevenson@example.com,49,Male,153.5,2025-07-17 13:22:50
user-0117,Matthew Romero,guzmankaren@example.com,59,Female,162.9,2023-12-06 18:08:17
user-0118,Devon Torres,grimesjohn@example.com,55,Female,179.5,2025-05-01 22:48:21
user-0119,Justin Rogers,cohensarah@example.org,18,Female,150.5,2024-03-07 22:14:47
user-0120,Cynthia Singh,shawn52@example.com,28,Male,175.7,2024-12-13 10:43:48
user-0121,Elizabeth Singleton,everettcarla@example.com,59,Male,151.4,2024-06-06 13:06:55
user-0122,Miguel Phelps,davidshaw@example.org,66,Female,189.6,2023-11-25 23:33:35
user-0123,Virginia Vincent,leejonathan@example.net,29,Male,172.8,2025-06-26 19:13:31
user-0124,William Bailey,zkim@example.net,57,Female,158.7,2025-03-15 23:18:34
user-0125,Claudia Beasley,simonjonathan@example.com,65,Male,170.3,2025-10-17 08:51:56
user-0126,Valerie Holmes,johnwong@example.com,29,Male,165.1,2025-05-10 19:24:25
user-0127,Pamela Johnson,chaneyjason@example.net,49,Female,184.8,2025-04-24 22:39:32
user-0128,Lauren Munoz,ysuarez@example.org,57,Male,174.2,2024-03-10 02:50:56
user-0129,William Adams,yvonnehernandez@example.net,21,Male,162.2,2024-12-29 07:37:52
user-0130,Ryan Lynch,astewart@example.com,55,Male,154.1,2024-10-28 22:16:12
user-0131,Paul Hamilton,shermankimberly@example.org,55,Female,172.4,2024-07-08 10:49:35
user-0132,Michael Edwards,fordveronica@example.org,29,Male,178.1,2025-08-30 19:30:00
user-0133,Melissa Ingram,darrylherrera@example.org,27,Female,164.4,2024-05-22 08:35:10
user-0134,Lisa Weber,lmoody@example.com,59,Female,162.1,2024-12-08 05:46:18
user-0135,Cassandra Simpson,anthonywilliams@example.com,51,Male,189.8,2024-09-06 17:34:25
user-0136,Angela Lopez,maria91@example.net,59,Male,183.9,2024-02-04 07:22:21
user-0137,Karen Brooks,hendersonmichael@example.com,45,Male,173.6,2023-12-25 05:23:04
user-0138,Richard Foster,kingjanet@example.com,47,Female,170.4,2024-08-03 21:22:59
user-0139,Julie Hall,gtorres@example.com,19,Female,159.5,2024-12-02 05:39:25
user-0140,Grace Reed,bgarcia@example.com,53,Male,153.6,2025-05-01 03:37:21
user-0141,Eric Nelson,haynesmary@example.net,43,Female,181.6,2023-11-17 09:20:17
user-0142,Mr. Steven Hernandez PhD,tiffany53@example.net,22,Male,151.0,2024-05-13 14:53:45
user-0143,Thomas Wagner,scott42@example.org,50,Female,186.8,2025-07-21 23:18:22
user-0144,Tara Wilkerson,jennifer46@example.org,35,Female,168.9,2023-11-27 23:42:19
user-0145,Barry Smith,larrymay@example.net,53,Male,177.3,2024-08-11 11:48:36
user-0146,Alison Bailey,morgandavid@example.org,25,Male,177.2,2023-10-29 12:49:56
user-0147,Andrea Taylor,mcmahonmegan@example.net,50,Female,175.2,2023-11-10 17:57:29
user-0148,James Avila,knightamanda@example.com,34,Female,167.8,2025-07-14 00:53:40
user-0149,Sally Le,gregorymercedes@example.org,68,Female,169.5,2025-07-08 19:55:40
user-0150,Kelsey Flores,robinmiller@example.com,18,Male,160.0,2025-04-07 00:45:05
user-0151,Anne Valdez DDS,kristenprice@example.com,20,Male,172.1,2025-07-06 00:41:12
user-0152,Felicia Davis,hillandrew@example.com,34,Female,185.4,2025-03-07 02:57:18
user-0153,Taylor Martinez,william51@example.com,40,Male,164.0,2025-09-14 14:06:17
user-0154,Matthew Hale,vincent09@example.com,46,Male,184.5,2024-03-28 21:28:13
user-0155,Adam Juarez,diazbenjamin@example.net,70,Female,187.3,2025-04-02 14:52:32
user-0156,Chase Nunez,perezmichael@example.net,57,Female,183.3,2024-06-16 19:37:25
user-0157,David Ray,ggonzales@example.com,69,Female,164.7,2025-09-27 18:23:59
user-0158,William Mcgrath,chill@example.org,53,Male,153.3,2025-04-14 02:22:40
user-0159,Zachary Rogers,rodgersheather@example.net,47,Female,157.4,2025-01-09 16:45:45
user-0160,Brooke Ramirez,dsteele@example.com,63,Female,181.6,2025-08-09 14:19:51
user-0161,Olivia Griffin,smartinez@example.net,25,Female,183.4,2024-02-26 13:41:29
user-0162,Amanda Chandler,marshalldiana@example.net,56,Female,174.8,2023-10-31 13:40:18
user-0163,Patricia Davis,tpetersen@example.org,49,Male,183.4,2024-08-06 14:51:05
user-0164,Adam Palmer,dawnwhite@example.net,49,Male,169.1,2025-02-13 19:16:32
user-0165,Kim Larson,jessicabeltran@example.net,37,Female,187.5,2024-03-03 15:36:28
user-0166,Samantha Davis,ydeleon@example.org,63,Female,170.5,2024-05-07 13:09:59
user-0167,Karen Davis,trantheresa@example.com,26,Female,180.0,2024-04-11 00:54:22
user-0168,Deanna Walls,ccampbell@example.org,38,Female,160.0,2024-10-10 06:31:59
user-0169,Justin Fox,wbeck@example.org,25,Female,159.0,2024-06-05 17:18:05
user-0170,Tracy Smith,nreyes@example.org,23,Female,163.4,2024-04-05 19:53:47
user-0171,Ryan Carroll,heather04@example.net,48,Male,153.6,2025-03-25 08:28:18
user-0172,Brianna Campbell,anthonysmith@example.org,42,Female,174.7,2024-08-10 04:17:36
user-0173,Christine Greene,rachael68@example.org,32,Male,151.1,2024-12-25 03:06:10
user-0174,Nathan Cruz,zcombs@example.org,67,Female,178.3,2024-10-26 15:42:33
user-0175,Jenna Johnson,thayes@example.net,38,Female,150.2,2024-09-16 03:33:33
user-0176,Matthew Brown,christie17@example.net,49,Male,179.1,2025-10-19 14:56:31
user-0177,Karina Lopez,vanessamanning@example.com,52,Female,158.0,2025-06-20 13:32:54
user-0178,Chelsea White,darrencooley@example.com,28,Male,186.3,2025-05-19 08:00:03
user-0179,Patricia Dougherty,julia81@example.net,35,Male,170.9,2024-10-18 00:57:06
user-0180,Chelsea Combs,eric26@example.org,28,Female,154.9,2025-05-13 12:13:14
user-0181,Caleb Tran,owensanne@example.net,61,Female,155.3,2025-03-12 11:30:40
user-0182,Christina Morales,qfrancis@example.net,66,Female,159.8,2025-10-14 23:36:51
user-0183,Bobby Knight,randallgarcia@example.com,34,Male,164.0,2024-03-02 19:18:40
user-0184,Kayla Whitaker,jennifer50@example.net,23,Male,151.1,2023-11-20 22:52:25
user-0185,Trevor Richards,hartmanedwin@example.com,58,Female,177.7,2024-06-03 02:22:09
user-0186,Steve Bennett,hudsonmichael@example.net,55,Female,151.1,2025-03-25 12:59:03
user-0187,Lisa Adams,brandonmcknight@example.com,55,Female,178.2,2024-01-18 18:13:52
user-0188,Stephanie Jones,beasleyjeremy@example.org,62,Male,189.1,2024-07-14 10:35:14
user-0189,Michelle Martin,browntara@example.com,27,Male,184.1,2025-09-23 15:55:37
user-0190,Daniel Heath,becky41@example.org,57,Male,158.7,2023-11-14 22:59:18
user-0191,Sandra Huffman,tevans@example.com,27,Female,164.9,2025-06-30 02:04:47
user-0192,Brooke Romero,laurieruiz@example.org,61,Male,176.7,2025-03-02 00:53:02
user-0193,Lauren Scott,tony37@example.org,31,Female,163.5,2025-05-15 07:50:22
user-0194,Brian Evans,richard08@example.org,26,Female,172.5,2024-02-20 06:58:10
user-0195,Theresa Wade,jessica71@example.net,37,Male,185.4,2025-02-23 08:37:13
user-0196,Veronica Davis,lhall@example.com,50,Male,186.5,2024-06-11 03:52:11
user-0197,Courtney Leach,ataylor@example.com,26,Female,181.5,2025-05-08 08:12:17
user-0198,Alisha James,gmiller@example.com,50,Female,151.8,2023-12-30 04:38:04
user-0199,Jessica Larson,jdaniels@example.net,18,Female,170.6,2025-08-18 15:21:22
user-0200,Christina Walker,turnerkatherine@example.com,38,Female,187.9,2025-01-31 11:18:10
user-0201,Jamie Osborn,cooperrebecca@example.net,56,Male,178.6,2024-08-02 18:53:07
user-0202,David Lowery,moonnancy@example.com,34,Male,159.3,2023-11-07 18:52:01
user-0203,Joseph Walters,jennifer24@example.org,60,Female,175.5,2023-11-30 16:38:51
user-0204,Mike Pope,lori17@example.org,28,Male,180.2,2024-01-10 04:20:47
user-0205,Maria Hunt,sarahhenry@example.org,57,Female,170.4,2024-10-26 00:32:13
user-0206,Cynthia Rodriguez,matthewnavarro@example.net,40,Female,157.2,2024-02-08 13:02:00
user-0207,Scott Ashley,john88@example.org,70,Male,166.6,2025-03-12 21:04:33
user-0208,Kathleen Reyes,davismichael@example.com,53,Female,166.7,2025-03-16 20:14:44
user-0209,Pamela Schwartz,qgriffin@example.com,24,Female,185.8,2024-03-05 15:46:13
user-0210,Audrey Guzman,uwilliams@example.net,59,Male,168.9,2024-04-12 16:03:42
user-0211,David Adams,ischneider@example.com,29,Male,182.8,2025-09-26 15:14:07
user-0212,Mallory Nguyen,perrystephen@example.com,55,Female,157.0,2024-01-03 06:00:47
user-0213,Dr. Jonathan Holmes PhD,anthonydaniels@example.org,22,Female,169.8,2025-04-21 14:57:20
user-0214,Belinda Davis,walkerandrew@example.org,48,Male,167.8,2024-10-05 16:13:01
user-0215,Debra Bell,tblankenship@example.net,41,Male,160.3,2024-10-31 22:53:10
user-0216,Michelle Davenport,austinherrera@example.org,41,Male,163.5,2025-08-27 17:32:22
user-0217,Jerome Watson,patriciasmith@example.net,57,Female,181.8,2024-04-06 04:30:18
user-0218,Terri Taylor,michelemiller@example.net,19,Female,150.7,2024-07-27 18:07:07
user-0219,Regina Smith,jacobssamantha@example.net,37,Male,186.8,2024-04-02 19:10:04
user-0220,Dr. Elizabeth Graham,alejandramejia@example.net,67,Female,157.5,2024-08-14 19:59:47
user-0221,James Scott,lynchkimberly@example.com,50,Male,186.0,2025-02-13 17:17:29
user-0222,Bradley Leonard,xdaugherty@example.net,46,Female,159.3,2024-04-19 03:53:24
user-0223,Jennifer Davis,noblechristina@example.net,28,Male,157.9,2025-02-07 19:37:41
user-0224,Wesley Johnston,hubbardjoseph@example.com,47,Female,182.1,2025-05-26 13:58:16
user-0225,Michelle Bennett,elliottmichael@example.com,46,Female,156.0,2025-05-05 19:42:38
user-0226,Amber Payne,juangregory@example.org,64,Male,178.7,2025-06-14 00:04:49
user-0227,Christopher Alvarez,cheyenne17@example.org,47,Female,165.6,2025-09-09 06:02:37
user-0228,Nicole Simmons,vwyatt@example.com,48,Female,174.4,2025-08-21 06:31:06
user-0229,Jodi Porter,richardjones@example.com,24,Male,169.7,2024-04-27 17:55:08
user-0230,Suzanne Gregory,carrollwilliam@example.org,25,Female,189.7,2024-01-29 00:37:58
user-0231,Zachary Ward DVM,ponceamber@example.net,44,Female,153.8,2025-06-04 16:45:55
user-0232,Nicholas Price,xbonilla@example.org,64,Male,154.7,2024-06-30 09:07:21
user-0233,Christopher Good,geraldpark@example.com,40,Male,187.6,2024-04-30 08:13:04
user-0234,Perry Mack,huntcarrie@example.net,33,Female,175.7,2024-01-10 11:44:49
user-0235,Patrick Woods,richard80@example.com,31,Female,166.3,2025-10-25 12:15:10
user-0236,Michael Brown,johnbrock@example.net,32,Male,183.9,2024-08-04 09:39:20
user-0237,Jennifer Moore,lori38@example.org,26,Female,164.9,2024-08-13 03:01:23
user-0238,Rebecca Howard,scott46@example.com,38,Female,161.2,2024-10-22 04:02:16
user-0239,Annette Zimmerman,brucemay@example.org,40,Female,176.3,2025-06-18 13:11:41
user-0240,Crystal Stanley,elijah58@example.com,67,Female,159.1,2024-08-26 17:21:39
user-0241,Brittany Maynard,james50@example.net,69,Male,178.1,2024-04-26 10:19:02
user-0242,Gregg Beasley,andrewsanchez@example.org,27,Female,177.6,2025-06-08 04:58:40
user-0243,Jason Phillips,john76@example.com,40,Female,176.6,2025-01-10 08:26:31
user-0244,Deborah Jones,yorkjennifer@example.net,64,Female,183.5,2024-05-05 14:51:17
user-0245,Kirk Jenkins,brianryan@example.org,25,Female,156.7,2023-11-18 19:28:24
user-0246,Morgan Wilson,henrygilbert@example.net,44,Female,166.9,2025-01-16 19:47:20
user-0247,Deanna Harris,reedrita@example.org,69,Male,166.7,2025-06-15 01:53:56
user-0248,Jessica Mclean,schultzdavid@example.org,30,Male,160.0,2025-10-18 22:28:34
user-0249,Derrick Wright,marthaortiz@example.com,22,Female,180.9,2024-01-17 19:25:06
user-0250,Rebecca Gonzalez,carlsonearl@example.org,56,Female,161.2,2024-06-19 02:54:11
user-0251,Mr. David Reese MD,leah76@example.net,26,Male,184.9,2025-09-05 05:45:57
user-0252,Nicholas Adams,zklein@example.org,48,Male,178.7,2024-03-26 14:03:29
user-0253,Emily Walker,jennifer47@example.net,33,Female,178.1,2025-03-31 15:59:34
user-0254,Audrey Harris,carolyn01@example.org,57,Female,183.9,2024-07-03 09:55:17
user-0255,Julie Bell,yvonne05@example.com,54,Female,178.2,2025-06-15 06:53:03
user-0256,Megan Burnett,tiffanyclark@example.com,47,Male,182.3,2025-09-25 17:25:53
user-0257,Penny Williams,mollymcgee@example.com,67,Female,151.9,2024-04-28 14:09:08
user-0258,Laura Garcia,sean97@example.com,47,Male,168.9,2024-01-08 03:16:18
user-0259,Meredith Horton MD,nielsenmichael@example.com,39,Female,170.5,2025-07-12 22:39:30
user-0260,Gabriella Williams,mathismark@example.org,22,Male,183.3,2025-08-04 23:11:50
user-0261,Edward Guerra,robertschmitt@example.com,64,Female,168.7,2025-06-24 03:28:35
user-0262,Megan Wilson,kylegonzales@example.com,24,Male,188.3,2024-08-09 04:51:53
user-0263,Joshua Cruz,martinlloyd@example.com,19,Female,172.5,2025-01-28 01:36:34
user-0264,Thomas Contreras,brobinson@example.org,21,Male,187.5,2024-11-20 03:24:20
user-0265,Andrew Cochran,zbishop@example.com,37,Female,155.8,2024-10-24 22:40:16
user-0266,Alyssa Silva,danny42@example.com,53,Male,167.0,2025-03-04 10:05:04
user-0267,Justin Gonzalez,cunninghamdebra@example.com,22,Male,174.5,2024-07-26 11:21:34
user-0268,Jessica Hayes,hallelizabeth@example.org,43,Male,165.6,2025-03-16 01:22:49
user-0269,Robert Graham,justin16@example.org,22,Female,168.2,2025-03-17 15:52:41
user-0270,Tanya Henderson,erobertson@example.org,66,Female,172.6,2025-04-07 19:33:46
user-0271,Maria Wilkinson,thomasbrian@example.org,36,Male,159.5,2025-01-15 11:16:42
user-0272,Taylor Gallegos,bridgetwalker@example.org,44,Female,185.4,2025-09-01 10:37:14
user-0273,Darrell Scott,millerjohn@example.net,21,Male,161.9,2025-04-03 08:19:42
user-0274,Brooke Moore,emily11@example.com,21,Female,173.5,2023-11-02 10:10:46
user-0275,Pamela Lee,williamaguirre@example.net,50,Female,184.5,2024-11-14 06:42:45
user-0276,Justin Fields,burkegina@example.net,30,Male,186.6,2024-07-26 02:45:40
user-0277,Julia Diaz,youngmaria@example.net,31,Female,160.2,2025-01-07 14:01:46
user-0278,Jerry Cohen,christine96@example.org,46,Female,156.3,2024-04-02 17:57:15
user-0279,Derek Blankenship,ycollins@example.com,50,Female,163.8,2023-11-26 20:28:53
user-0280,Christina Price,courtney69@example.net,41,Male,186.6,2024-02-06 02:58:54
user-0281,Tracy Preston,edwardpowell@example.com,39,Male,150.2,2024-10-27 06:21:14
user-0282,Megan Wright,hlyons@example.org,66,Male,187.3,2024-08-22 22:32:42
user-0283,Jeremy Durham,navarrojorge@example.com,35,Female,162.8,2024-04-01 17:54:37
user-0284,Jesus Weber,wendyharper@example.net,41,Male,181.4,2024-12-06 17:25:57
user-0285,Anthony Brewer,adamvasquez@example.net,69,Female,173.7,2024-07-18 14:00:28
user-0286,Mary Wade,mwatson@example.com,20,Female,182.5,2024-11-06 20:19:44
user-0287,Mary Vance DDS,onelson@example.net,58,Female,161.1,2024-02-07 14:56:18
user-0288,Denise Moss,rachellee@example.org,46,Female,190.0,2024-05-24 02:29:46
user-0289,Julia Nelson,rlee@example.com,31,Female,169.3,2024-05-02 19:05:18
user-0290,Andrea Anderson,renee56@example.com,41,Female,188.0,2024-05-20 07:54:23
user-0291,Amber Chan,booneeric@example.com,62,Female,155.0,2024-07-14 19:00:31
user-0292,Steven Oconnor,elizabeth46@example.com,56,Male,177.4,2024-04-17 07:27:43
user-0293,Charles Finley,normangonzalez@example.org,59,Female,152.7,2024-10-07 19:08:45
user-0294,Sherry Wright,pennydyer@example.com,38,Male,183.6,2024-11-30 00:33:07
user-0295,Jessica Howell,walkerjesse@example.org,68,Male,172.9,2025-01-15 15:41:00
user-0296,Logan Vargas,jacksonkatelyn@example.net,33,Male,183.6,2025-10-23 06:31:06
user-0297,Ian Jackson,brittanyboyle@example.com,43,Female,181.7,2025-09-25 23:26:31
user-0298,Ann Navarro,briggsmichael@example.net,26,Male,165.5,2024-06-07 10:14:55
user-0299,Lisa White,efernandez@example.net,56,Female,178.4,2025-07-31 02:12:10
user-0300,Kevin Yang,charles27@example.com,19,Male,184.9,2024-07-02 10:10:24
user-0301,Bruce Brooks,randall18@example.org,21,Male,174.9,2025-03-09 15:29:31
user-0302,April Lane,ashley53@example.com,29,Female,152.5,2024-06-28 13:56:12
user-0303,Thomas Wilson,coxtammy@example.org,34,Female,170.6,2025-08-28 12:51:45
user-0304,Misty Jones,pgutierrez@example.com,40,Female,165.1,2025-09-11 14:37:40
user-0305,Tara Lopez,stephanienavarro@example.org,58,Female,182.9,2025-03-07 12:22:42
user-0306,Brittany Martinez,williamspamela@example.com,29,Female,185.9,2025-01-17 12:19:43
user-0307,Gina Gonzalez,fordchristopher@example.com,41,Male,154.2,2025-05-29 12:38:37
user-0308,Debbie Welch,sarahhensley@example.com,38,Female,169.0,2023-11-18 13:48:53
user-0309,Laura Chapman,elizabethtate@example.org,38,Female,159.8,2025-07-23 04:33:56
user-0310,Diana Ward,adam21@example.net,65,Female,182.5,2025-10-11 10:01:41
user-0311,Michael Santiago,angelahester@example.org,54,Male,177.0,2024-02-17 03:02:46
user-0312,Daniel Hinton,ugoodman@example.com,23,Male,186.3,2025-09-28 04:44:47
user-0313,Ryan Davis,hoffmanvanessa@example.org,34,Female,187.7,2025-03-12 14:57:40
user-0314,Parker Hester,kristin46@example.org,37,Female,186.2,2024-08-15 10:56:24
user-0315,Thomas Wilson,nelsonshane@example.com,37,Female,150.3,2025-04-08 18:29:17
user-0316,Rebecca Oconnell,deniserodriguez@example.org,32,Female,158.7,2025-10-09 01:56:40
user-0317,Lauren Kent,crossseth@example.com,39,Male,157.1,2024-06-14 03:37:13
user-0318,Blake Taylor,dshepherd@example.org,26,Female,188.9,2023-11-24 08:59:01
user-0319,Susan Frank,cfisher@example.net,65,Male,152.1,2025-10-01 19:18:06
user-0320,Breanna Salazar,thomasclark@example.org,48,Male,166.7,2025-09-22 19:09:02
user-0321,Richard Taylor,laura72@example.com,19,Female,158.3,2024-08-08 08:04:18
user-0322,Christopher Fuller,jharris@example.com,52,Female,188.2,2024-05-17 11:12:10
user-0323,Cynthia Bates,vwilson@example.net,22,Female,167.6,2025-08-06 21:07:26
user-0324,Lori Wright,ethan88@example.net,38,Female,186.4,2025-04-10 16:02:38
user-0325,Toni Young,stacey00@example.org,56,Female,157.7,2024-06-29 12:06:17
user-0326,Walter Mcdonald,daniellesmith@example.net,70,Female,150.3,2025-03-30 08:17:07
user-0327,Lisa Gonzales,billyhamilton@example.net,19,Male,173.6,2023-10-31 12:37:12
user-0328,Melissa Robinson,owagner@example.org,25,Female,163.4,2024-07-16 19:51:11
user-0329,Gregory Morales,tgraham@example.com,54,Female,180.1,2024-01-11 11:48:30
user-0330,Ashley Mendez,scotthuerta@example.net,43,Female,159.8,2025-06-21 06:16:35
user-0331,Michael Gonzalez,ksolis@example.org,28,Male,173.3,2024-10-04 22:58:21
user-0332,Nathan Sanchez,obruce@example.com,33,Female,154.8,2025-01-27 14:49:24
user-0333,Vincent Strickland,amanda93@example.com,20,Male,173.5,2024-02-09 14:27:59
user-0334,Adam Mcgee,bjackson@example.net,62,Female,164.1,2024-03-09 11:30:47
user-0335,Benjamin Alexander,mhernandez@example.com,37,Male,180.3,2024-01-11 02:38:56
user-0336,Tracy Hart,lynchaaron@example.org,49,Female,186.7,2025-07-24 19:42:11
user-0337,Stephanie Lam,beckholly@example.net,21,Female,165.1,2025-07-27 03:32:17
user-0338,Kimberly Mills,watsonlori@example.net,28,Female,159.5,2024-06-21 11:50:03
user-0339,Edgar Hodges,ijackson@example.com,62,Female,171.7,2025-07-01 12:30:07
user-0340,Caleb Murphy,mirandafreeman@example.com,63,Female,152.7,2025-08-02 00:19:12
user-0341,Amanda Fowler,jameswilson@example.net,36,Female,153.6,2024-12-08 01:11:36
user-0342,Carol Fritz,nguyenrobert@example.org,44,Male,167.5,2025-06-27 06:52:20
user-0343,Amy Santos,pestrada@example.net,28,Male,184.5,2025-08-28 01:23:13
user-0344,Cynthia Rogers,dwinters@example.com,66,Male,176.0,2024-10-03 21:27:48
user-0345,Katie Moore,simmonserika@example.com,69,Female,167.2,2025-05-06 04:46:23
user-0346,William Zamora,henrywhite@example.org,22,Female,157.3,2024-07-07 21:39:54
user-0347,Karla Glass DDS,heather50@example.org,29,Male,165.8,2025-01-04 23:17:45
user-0348,Rose Fitzgerald,martinezbryan@example.net,42,Female,187.4,2024-03-30 12:41:16
user-0349,Kiara Hancock,sherry42@example.net,23,Female,182.5,2024-05-06 08:10:41
user-0350,Derek Evans,kirbycarol@example.com,64,Female,180.2,2024-01-04 20:47:27
user-0351,Anthony Smith,pwatson@example.org,30,Male,181.2,2025-02-01 01:37:46
user-0352,Lori Schneider,daisybrown@example.com,19,Male,187.6,2025-02-03 04:28:59
user-0353,Natasha George,nguyenlori@example.org,21,Female,156.4,2024-04-02 04:22:14
user-0354,Shane Cross,gabriel09@example.org,46,Female,172.3,2024-11-29 14:05:50
user-0355,Patrick Cole,paul06@example.net,62,Female,170.5,2023-12-18 13:47:08
user-0356,Thomas Walker,christinataylor@example.com,30,Female,150.8,2025-05-09 13:08:06
user-0357,Erin Acosta,christophercampbell@example.com,59,Male,168.4,2024-06-04 03:07:59
user-0358,Patricia Miller,santanamichael@example.net,56,Female,173.0,2025-09-28 15:36:43
user-0359,Stacey French,mark22@example.com,48,Male,187.7,2023-11-04 13:25:01
user-0360,Lisa Spears,jonathan92@example.net,31,Male,184.1,2025-01-27 02:39:34
user-0361,Brandon Miller MD,edwardnelson@example.com,35,Male,165.9,2024-08-21 10:38:44
user-0362,Sheri Gomez,mallen@example.net,29,Male,188.9,2024-03-27 19:56:06
user-0363,James Forbes,stoutlauren@example.com,41,Female,167.4,2025-06-22 02:49:22
user-0364,Patrick Garcia,maldonadotheresa@example.com,45,Male,176.4,2023-12-06 00:38:12
user-0365,Tina Landry,dustinlarson@example.org,25,Male,171.5,2024-01-19 01:45:26
user-0366,Dominic Christian,lgreen@example.net,46,Male,169.1,2024-04-05 04:46:46
user-0367,Brittany Wilson,jared90@example.com,35,Female,162.0,2024-03-10 01:45:52
user-0368,Richard Chavez,lisapaul@example.net,42,Male,180.2,2024-10-04 23:37:42
user-0369,Jesus Hudson,lisa07@example.com,47,Male,179.1,2024-10-27 10:18:00
user-0370,Shelley Moss,stephen73@example.com,18,Male,184.9,2025-07-30 15:35:52
user-0371,Emily Garrison,fergusonjamie@example.net,41,Female,172.1,2025-09-29 09:54:31
user-0372,Lisa Freeman,ramirezjames@example.com,38,Female,167.2,2024-08-14 22:54:22
user-0373,Brady Kane,gyang@example.com,38,Male,182.5,2024-04-22 10:40:31
user-0374,John Huber,joseph19@example.com,59,Male,153.9,2024-01-07 05:13:17
user-0375,Maria Bennett,michaelglen@example.org,47,Female,180.3,2024-08-31 14:21:05
user-0376,Christopher Mccoy,eric02@example.com,21,Female,169.7,2025-06-01 16:43:04
user-0377,John Zimmerman,julie63@example.com,31,Female,161.1,2025-01-01 18:51:36
user-0378,Barbara Hawkins,russell60@example.org,22,Female,160.1,2025-07-30 14:29:00
user-0379,Christopher Perez,tsmith@example.com,70,Male,175.5,2025-04-21 16:30:31
user-0380,Scott Williams,kathychandler@example.com,28,Male,177.0,2024-04-14 00:47:46
user-0381,Cameron Davis,gordonmarcia@example.net,48,Male,172.0,2025-07-29 01:55:37
user-0382,Justin Hays,sonya94@example.net,27,Male,156.9,2025-09-12 04:22:18
user-0383,Debra Mitchell,qpatton@example.com,39,Female,150.1,2024-10-30 10:34:51
user-0384,Chelsea Peterson,stewartdan@example.com,52,Male,157.2,2024-05-06 23:04:16
user-0385,Nathan Rowe,castilloeric@example.com,38,Female,185.3,2025-08-16 03:10:12
user-0386,Barbara Brown,davidstanley@example.com,45,Female,178.9,2025-08-07 05:28:13
user-0387,Carrie Roberts,jacoblane@example.com,37,Female,170.8,2025-04-07 04:45:38
user-0388,Spencer Welch,farrellbeth@example.org,38,Female,156.7,2024-04-17 20:17:18
user-0389,Scott Lee,oschneider@example.net,58,Male,155.4,2025-02-01 08:02:05
user-0390,Dennis Ellis,brendajones@example.net,21,Male,167.2,2024-03-11 10:51:30
user-0391,Heather Key,ginaharper@example.net,47,Female,159.0,2024-09-27 05:24:41
user-0392,Christine Martinez,ryanbrian@example.com,55,Female,179.6,2024-01-28 15:20:12
user-0393,Tracey Russell,peterswilliam@example.com,47,Female,179.7,2025-10-24 18:35:54
user-0394,Jackson Ross,pdunn@example.com,67,Female,187.9,2025-03-17 00:24:35
user-0395,Devin Adkins,gregory32@example.org,37,Male,164.1,2024-08-05 11:16:13
user-0396,Dr. Sara Thomas,jason15@example.com,31,Male,180.8,2024-02-02 08:18:56
user-0397,Christopher Nelson,ramirezdorothy@example.net,37,Male,176.0,2024-08-30 14:13:13
user-0398,Katherine Adams,zfowler@example.com,62,Female,180.9,2025-02-18 17:42:56
user-0399,Christopher Espinoza,erika29@example.net,18,Female,164.8,2024-08-03 11:35:08
user-0400,Brandy Burns,edward38@example.com,45,Male,154.4,2025-01-23 06:17:38
user-0401,Levi Alexander,michael43@example.net,31,Female,189.5,2025-08-08 07:42:54
user-0402,Traci Bradshaw,jimmythompson@example.org,46,Female,167.4,2025-08-13 01:49:58
user-0403,Jennifer Stephenson,bhancock@example.net,48,Female,182.3,2024-07-21 01:27:19
user-0404,Troy Rivera,david51@example.org,48,Male,178.3,2024-11-14 13:03:02
user-0405,Kathy Garcia,youngkevin@example.org,28,Female,176.1,2024-08-09 13:36:07
user-0406,Mark Christensen,petersjoshua@example.com,70,Male,155.9,2025-08-08 19:41:36
user-0407,Kevin Werner PhD,cruzkimberly@example.net,24,Male,172.6,2024-10-12 03:54:54
user-0408,Bryan Perez,danielhall@example.com,34,Female,183.5,2024-07-30 08:26:24
user-0409,Carol Rodriguez,reedbrittany@example.org,51,Male,154.4,2024-08-15 22:59:14
user-0410,Christine Finley,lholland@example.org,27,Male,170.7,2025-05-08 18:30:11
user-0411,Joshua Salas,debra51@example.org,41,Female,183.2,2024-12-03 22:08:20
user-0412,Derek Davis,conniedudley@example.com,23,Male,156.7,2025-10-01 05:43:02
user-0413,Evan Edwards,emily89@example.com,47,Male,180.3,2024-12-09 18:45:50
user-0414,Sarah Scott,leah52@example.org,44,Female,156.9,2025-01-29 12:58:02
user-0415,Candace Lee DDS,austinglass@example.com,37,Male,177.3,2025-01-11 19:08:38
user-0416,James Hart,spencer81@example.net,26,Female,150.7,2025-09-04 11:19:20
user-0417,Kara Rogers,stephanie26@example.net,23,Female,173.3,2024-08-30 14:24:24
user-0418,Vincent Harris,lucasjorge@example.com,39,Female,162.7,2024-05-25 12:19:28
user-0419,Patricia Miller,ocarroll@example.org,67,Male,151.3,2024-03-29 11:41:21
user-0420,Robert Wagner,williamsbrian@example.net,68,Female,172.6,2025-05-16 12:18:25
user-0421,Beth Booth MD,ehampton@example.org,35,Female,156.7,2024-07-10 23:00:27
user-0422,Joanne Cooper,ilee@example.net,46,Female,156.7,2025-05-04 06:16:37
user-0423,Miss Rachel Finley,umckenzie@example.org,56,Female,184.8,2025-03-31 15:45:18
user-0424,Victor Martin,yukrista@example.org,59,Male,173.9,2025-08-20 08:22:55
user-0425,Marcus Everett,williamsjason@example.com,36,Female,162.9,2024-06-13 05:53:56
user-0426,Michael Mccoy,plevy@example.com,57,Male,152.8,2023-11-08 23:33:32
user-0427,Erin Pearson,cynthia52@example.com,65,Female,179.7,2024-07-08 10:22:48
user-0428,Haley Estes,billy70@example.org,66,Female,160.7,2023-12-01 19:44:53
user-0429,Andrea Anderson,middletonjoel@example.net,23,Female,167.1,2024-05-14 18:35:43
user-0430,Sean Rose,riverafranklin@example.org,61,Male,155.9,2024-11-04 03:00:56
user-0431,Jessica Burgess,megan17@example.net,49,Female,187.4,2024-12-13 08:01:43
user-0432,Tiffany Powell,claireglover@example.com,22,Male,180.3,2024-12-27 05:59:05
user-0433,Anthony Bowers,jeanettegilbert@example.org,32,Female,177.2,2025-01-30 10:59:06
user-0434,Natalie Thompson,adam77@example.net,42,Female,186.0,2025-07-24 01:08:20
user-0435,Johnathan Williams,zcarter@example.net,70,Male,153.7,2023-12-21 02:27:23
user-0436,Brian Lynch,philip96@example.org,30,Female,154.0,2023-12-05 05:52:35
user-0437,Claudia Phillips,briannacowan@example.com,18,Male,187.5,2024-03-04 07:20:21
user-0438,Michael Hill,maurice90@example.com,48,Female,159.9,2025-08-16 16:19:23
user-0439,Linda Nelson,hannah98@example.net,49,Male,170.0,2024-11-26 07:37:58
user-0440,Michael Howard,iansanders@example.net,58,Male,188.4,2023-12-08 10:29:12
user-0441,Michael Aguilar,amydavis@example.org,59,Male,186.9,2024-11-02 10:06:46
user-0442,Kayla Thomas,amber82@example.org,63,Female,158.6,2024-04-20 17:23:27
user-0443,Maurice Mathews,richardsonlaura@example.com,70,Female,160.5,2024-10-21 12:51:11
user-0444,Elizabeth Lee,taylorjorge@example.net,37,Male,158.5,2024-06-18 21:23:57
user-0445,Crystal Rowland,mhernandez@example.net,51,Male,172.4,2025-04-19 16:43:41
user-0446,Travis Mason,zachary22@example.com,48,Male,157.1,2024-06-18 00:38:02
user-0447,Sarah Johnson,hallrobert@example.com,38,Male,162.0,2024-12-01 12:22:40
user-0448,Kristin Krueger,paigecooke@example.org,56,Male,176.2,2024-03-31 12:36:28
user-0449,Jessica Boyd,olsenpeter@example.net,37,Female,156.3,2024-12-17 07:25:33
user-0450,Robert White,ericaforbes@example.org,63,Female,151.2,2025-06-28 17:09:39
user-0451,Caitlyn Bryan,nancytorres@example.com,58,Female,158.9,2025-04-11 19:27:31
user-0452,Nathan Shaw,cjackson@example.net,19,Male,160.3,2025-10-20 23:30:30
user-0453,Kenneth Heath,jasonholmes@example.org,45,Female,174.5,2025-09-14 11:06:59
user-0454,Brent Henderson,jamierogers@example.com,22,Male,159.8,2024-06-06 03:58:54
user-0455,Amy Walton,fherrera@example.net,29,Male,166.9,2024-03-31 15:39:10
user-0456,John Navarro,halesarah@example.org,42,Male,179.7,2024-08-13 22:27:40
user-0457,Kathy Williams,jeffrey12@example.net,33,Female,175.1,2024-02-06 08:17:20
user-0458,James Walsh,guzmanmarissa@example.net,38,Female,162.0,2024-06-21 16:19:00
user-0459,Gabriel Ortiz,jonathan24@example.com,28,Male,158.4,2023-11-28 05:12:18
user-0460,Mary Robinson,sydney02@example.org,40,Female,174.1,2025-02-12 01:37:56
user-0461,Tammy Rogers,andrewaustin@example.org,34,Female,176.3,2025-05-09 04:33:56
user-0462,Deanna Dawson,nicholas15@example.net,21,Female,175.2,2025-06-02 19:48:42
user-0463,Kimberly Parker,trice@example.com,34,Female,185.7,2024-06-15 02:29:31
user-0464,Erin Williams,jasmine66@example.org,31,Male,159.0,2025-03-02 22:54:43
user-0465,Christopher Frank,villanuevathomas@example.net,62,Female,187.0,2024-06-13 06:34:15
user-0466,Carly Williams,bradleyyates@example.com,27,Female,187.5,2025-02-07 19:23:27
user-0467,Scott Bailey,poneill@example.org,37,Male,164.9,2025-04-17 01:40:36
user-0468,Maria Avery,nguyendavid@example.com,55,Male,167.2,2025-02-24 15:08:16
user-0469,Sabrina Hendricks,marshalljulie@example.com,70,Female,164.5,2024-01-30 20:09:26
user-0470,Zachary Chase,jaderobinson@example.org,28,Male,152.9,2025-08-16 05:23:26
user-0471,David Gray,shaffermarcus@example.net,68,Male,183.8,2025-08-19 11:58:39
user-0472,Renee Schroeder,taylorstephanie@example.com,39,Female,158.4,2023-11-08 09:29:59
user-0473,Victor Richardson,ylowe@example.org,50,Female,155.7,2025-06-26 21:00:29
user-0474,Joseph Walker,apowers@example.net,28,Female,162.7,2024-04-14 04:18:54
user-0475,John Dyer,delgadobetty@example.org,22,Female,153.1,2024-03-24 11:36:27
user-0476,Brittany Simmons,hallroy@example.net,69,Female,178.3,2024-05-10 22:05:29
user-0477,James Leonard,haroldpotts@example.com,28,Male,177.3,2024-09-18 23:23:20
user-0478,Denise Thomas,greencatherine@example.org,18,Female,189.6,2024-02-05 16:43:02
user-0479,William Jones,nmiddleton@example.org,34,Male,181.0,2025-09-03 12:17:35
user-0480,Stephanie Jacobs,stephanie19@example.net,53,Male,162.0,2024-09-26 06:46:11
user-0481,Amy Huerta,mollyarias@example.com,55,Male,172.1,2024-07-23 23:57:49
user-0482,Maureen Perry,tamaramacdonald@example.com,21,Female,151.6,2025-03-29 12:03:34
user-0483,Andrew Love,rjordan@example.net,27,Female,156.0,2024-01-16 14:46:50
user-0484,David Phillips,hwilson@example.com,36,Male,150.6,2025-10-18 11:25:39
user-0485,Justin Green,kimperez@example.com,27,Female,166.7,2024-07-24 17:24:45
user-0486,Chelsea Nash,khoffman@example.org,34,Male,172.2,2024-07-24 05:17:31
user-0487,Mark Avila,hcline@example.net,63,Female,166.9,2025-10-23 06:03:43
user-0488,Erika Garcia,kenneth21@example.org,49,Female,187.2,2025-09-27 00:48:25
user-0489,Emily Matthews,michaelsmith@example.org,38,Female,174.5,2025-08-31 05:11:08
user-0490,Yolanda Acosta,dianajones@example.org,67,Female,156.4,2024-12-06 13:28:52
user-0491,Meagan Olson,katherinechavez@example.net,53,Male,160.7,2024-04-30 15:18:31
user-0492,Rachel Brock,taramorris@example.com,42,Female,159.5,2024-07-23 15:43:58
user-0493,Hector King,susan94@example.com,25,Male,161.9,2024-09-24 18:45:10
user-0494,Toni Walters,brownchad@example.net,44,Female,176.8,2025-09-06 09:42:12
user-0495,Toni Miller,greenmichael@example.net,24,Male,166.8,2024-03-20 01:40:30
user-0496,Michael Hill,felicia57@example.net,52,Male,156.3,2025-07-11 19:01:57
user-0497,Bryan Hall,amyshaw@example.org,68,Female,178.3,2025-09-22 12:14:01
user-0498,Emily Estes,iblake@example.net,23,Female,169.0,2024-02-16 09:50:50
user-0499,Brian Keller,bjones@example.net,47,Female,176.0,2024-07-11 11:14:14
user-0500,Joe Clark,woodardbrandon@example.com,46,Male,155.3,2024-12-25 10:31:25
